map,name_fr,area,area_name_fr,kind
PALLET_TOWN,Bourg Palette,pallet_town,Bourg Palette,TOWN
VIRIDIAN_CITY,Jadielle,viridian_city,Jadielle,TOWN
PEWTER_CITY,Argenta,pewter_city,Argenta,TOWN
CERULEAN_CITY,Azuria,cerulean_city,Azuria,TOWN
LAVENDER_TOWN,Lavanville,lavender_town,Lavanville,TOWN
VERMILION_CITY,Carmin sur Mer,vermilion_city,Carmin sur Mer,TOWN
CELADON_CITY,Céladopole,celadon_city,Céladopole,TOWN
FUCHSIA_CITY,Parmanie,fuchsia_city,Parmanie,TOWN
CINNABAR_ISLAND,Cramois'Île,cinnabar_island,Cramois'Île,TOWN
INDIGO_PLATEAU,Plateau Indigo,indigo_plateau,Plateau Indigo,TOWN
SAFFRON_CITY,Safrania,saffron_city,Safrania,TOWN
ROUTE_1,Route 1,route_1,Route 1,ROUTE
ROUTE_2,Route 2,route_2,Route 2,ROUTE
ROUTE_3,Route 3,route_3,Route 3,ROUTE
ROUTE_4,Route 4,route_4,Route 4,ROUTE
ROUTE_5,Route 5,route_5,Route 5,ROUTE
ROUTE_6,Route 6,route_6,Route 6,ROUTE
ROUTE_7,Route 7,route_7,Route 7,ROUTE
ROUTE_8,Route 8,route_8,Route 8,ROUTE
ROUTE_9,Route 9,route_9,Route 9,ROUTE
ROUTE_10,Route 10,route_10,Route 10,ROUTE
ROUTE_11,Route 11,route_11,Route 11,ROUTE
ROUTE_12,Route 12,route_12,Route 12,ROUTE
ROUTE_13,Route 13,route_13,Route 13,ROUTE
ROUTE_14,Route 14,route_14,Route 14,ROUTE
ROUTE_15,Route 15,route_15,Route 15,ROUTE
ROUTE_16,Route 16,route_16,Route 16,ROUTE
ROUTE_17,Route 17 (Piste Cyclable),route_17,Route 17,ROUTE
ROUTE_18,Route 18,route_18,Route 18,ROUTE
ROUTE_19,Route 19,route_19,Route 19,ROUTE
ROUTE_20,Route 20,route_20,Route 20,ROUTE
ROUTE_21,Route 21,route_21,Route 21,ROUTE
ROUTE_22,Route 22,route_22,Route 22,ROUTE
ROUTE_23,Route 23,route_23,Route 23,ROUTE
ROUTE_24,Route 24,route_24,Route 24,ROUTE
ROUTE_25,Route 25,route_25,Route 25,ROUTE
REDS_HOUSE_1F,Maison du joueur – RDC,pallet_town,Bourg Palette,BUILDING
REDS_HOUSE_2F,Maison du joueur – 1er étage,pallet_town,Bourg Palette,BUILDING
BLUES_HOUSE,Maison du rival,pallet_town,Bourg Palette,BUILDING
OAKS_LAB,Labo du Prof. Chen,pallet_town,Bourg Palette,BUILDING
VIRIDIAN_POKECENTER,Jadielle – Centre Pokémon,viridian_city,Jadielle,BUILDING
VIRIDIAN_MART,Jadielle – Boutique,viridian_city,Jadielle,BUILDING
VIRIDIAN_SCHOOL_HOUSE,Jadielle – École,viridian_city,Jadielle,BUILDING
VIRIDIAN_NICKNAME_HOUSE,Jadielle – Maison,viridian_city,Jadielle,BUILDING
VIRIDIAN_GYM,Jadielle – Arène,viridian_city,Jadielle,BUILDING
DIGLETTS_CAVE_ROUTE_2,Cave Taupiqueur – Entrée Route 2,digletts_cave,Cave Taupiqueur,BUILDING
VIRIDIAN_FOREST_NORTH_GATE,Forêt de Jade – Poste nord,viridian_forest,Forêt de Jade,BUILDING
ROUTE_2_TRADE_HOUSE,Route 2 – Maison d'échange,route_2,Route 2,BUILDING
ROUTE_2_GATE,Route 2 – Poste,route_2,Route 2,BUILDING
VIRIDIAN_FOREST_SOUTH_GATE,Forêt de Jade – Poste sud,viridian_forest,Forêt de Jade,BUILDING
VIRIDIAN_FOREST,Forêt de Jade,viridian_forest,Forêt de Jade,DUNGEON
MUSEUM_1F,Argenta – Musée (RDC),pewter_city,Argenta,BUILDING
MUSEUM_2F,Argenta – Musée (1er étage),pewter_city,Argenta,BUILDING
PEWTER_GYM,Argenta – Arène,pewter_city,Argenta,BUILDING
PEWTER_NIDORAN_HOUSE,Argenta – Maison,pewter_city,Argenta,BUILDING
PEWTER_MART,Argenta – Boutique,pewter_city,Argenta,BUILDING
PEWTER_SPEECH_HOUSE,Argenta – Maison,pewter_city,Argenta,BUILDING
PEWTER_POKECENTER,Argenta – Centre Pokémon,pewter_city,Argenta,BUILDING
MT_MOON_1F,Mont Sélénite – RDC,mt_moon,Mont Sélénite,DUNGEON
MT_MOON_B1F,Mont Sélénite – Sous-sol 1,mt_moon,Mont Sélénite,DUNGEON
MT_MOON_B2F,Mont Sélénite – Sous-sol 2,mt_moon,Mont Sélénite,DUNGEON
CERULEAN_TRASHED_HOUSE,Azuria – Maison cambriolée,cerulean_city,Azuria,BUILDING
CERULEAN_TRADE_HOUSE,Azuria – Maison (échange / Mélanie),cerulean_city,Azuria,BUILDING
CERULEAN_POKECENTER,Azuria – Centre Pokémon,cerulean_city,Azuria,BUILDING
CERULEAN_GYM,Azuria – Arène,cerulean_city,Azuria,BUILDING
BIKE_SHOP,Azuria – Magasin de vélos,cerulean_city,Azuria,BUILDING
CERULEAN_MART,Azuria – Boutique,cerulean_city,Azuria,BUILDING
MT_MOON_POKECENTER,Route 4 – Centre Pokémon,route_4,Route 4,BUILDING
CERULEAN_TRASHED_HOUSE_COPY,Azuria – Maison cambriolée,cerulean_city,Azuria,BUILDING
ROUTE_5_GATE,Route 5 – Poste,route_5,Route 5,BUILDING
UNDERGROUND_PATH_ROUTE_5,Souterrain – Entrée Route 5,underground_path,Souterrain,BUILDING
DAYCARE,Route 5 – Pension Pokémon,route_5,Route 5,BUILDING
ROUTE_6_GATE,Route 6 – Poste,route_6,Route 6,BUILDING
UNDERGROUND_PATH_ROUTE_6,Souterrain – Entrée Route 6,underground_path,Souterrain,BUILDING
UNDERGROUND_PATH_ROUTE_6_COPY,Souterrain – Entrée Route 6,underground_path,Souterrain,BUILDING
ROUTE_7_GATE,Route 7 – Poste,route_7,Route 7,BUILDING
UNDERGROUND_PATH_ROUTE_7,Souterrain – Entrée Route 7,underground_path,Souterrain,BUILDING
UNDERGROUND_PATH_ROUTE_7_COPY,Souterrain – Entrée Route 7,underground_path,Souterrain,BUILDING
ROUTE_8_GATE,Route 8 – Poste,route_8,Route 8,BUILDING
UNDERGROUND_PATH_ROUTE_8,Souterrain – Entrée Route 8,underground_path,Souterrain,BUILDING
ROCK_TUNNEL_POKECENTER,Route 10 – Centre Pokémon,route_10,Route 10,BUILDING
ROCK_TUNNEL_1F,Grotte – RDC,rock_tunnel,Grotte,DUNGEON
POWER_PLANT,Centrale,power_plant,Centrale,DUNGEON
ROUTE_11_GATE_1F,Route 11 – Poste (RDC),route_11,Route 11,BUILDING
DIGLETTS_CAVE_ROUTE_11,Cave Taupiqueur – Entrée Route 11,digletts_cave,Cave Taupiqueur,BUILDING
ROUTE_11_GATE_2F,Route 11 – Poste (1er étage),route_11,Route 11,BUILDING
ROUTE_12_GATE_1F,Route 12 – Poste (RDC),route_12,Route 12,BUILDING
BILLS_HOUSE,Cottage de Léo,route_25,Route 25,BUILDING
VERMILION_POKECENTER,Carmin sur Mer – Centre Pokémon,vermilion_city,Carmin sur Mer,BUILDING
POKEMON_FAN_CLUB,Carmin sur Mer – Club des Fans de Pokémon,vermilion_city,Carmin sur Mer,BUILDING
VERMILION_MART,Carmin sur Mer – Boutique,vermilion_city,Carmin sur Mer,BUILDING
VERMILION_GYM,Carmin sur Mer – Arène,vermilion_city,Carmin sur Mer,BUILDING
VERMILION_PIDGEY_HOUSE,Carmin sur Mer – Maison,vermilion_city,Carmin sur Mer,BUILDING
VERMILION_DOCK,Carmin sur Mer – Quai,vermilion_city,Carmin sur Mer,BUILDING
SS_ANNE_1F,L'Océane – Pont 1,ss_anne,L'Océane,DUNGEON
SS_ANNE_2F,L'Océane – Pont 2,ss_anne,L'Océane,DUNGEON
SS_ANNE_3F,L'Océane – Pont 3,ss_anne,L'Océane,DUNGEON
SS_ANNE_B1F,L'Océane – Cale,ss_anne,L'Océane,DUNGEON
SS_ANNE_BOW,L'Océane – Proue,ss_anne,L'Océane,DUNGEON
SS_ANNE_KITCHEN,L'Océane – Cuisine,ss_anne,L'Océane,DUNGEON
SS_ANNE_CAPTAINS_ROOM,L'Océane – Cabine du capitaine,ss_anne,L'Océane,DUNGEON
SS_ANNE_1F_ROOMS,L'Océane – Cabines du pont 1,ss_anne,L'Océane,DUNGEON
SS_ANNE_2F_ROOMS,L'Océane – Cabines du pont 2,ss_anne,L'Océane,DUNGEON
SS_ANNE_B1F_ROOMS,L'Océane – Cabines de la cale,ss_anne,L'Océane,DUNGEON
VICTORY_ROAD_1F,Route Victoire – RDC,victory_road,Route Victoire,DUNGEON
LANCES_ROOM,Plateau Indigo – Salle de Peter,indigo_plateau,Plateau Indigo,BUILDING
HALL_OF_FAME,Plateau Indigo – Panthéon,indigo_plateau,Plateau Indigo,BUILDING
UNDERGROUND_PATH_NORTH_SOUTH,Souterrain – Nord-Sud,underground_path,Souterrain,DUNGEON
CHAMPIONS_ROOM,Plateau Indigo – Salle du Maître,indigo_plateau,Plateau Indigo,BUILDING
UNDERGROUND_PATH_WEST_EAST,Souterrain – Ouest-Est,underground_path,Souterrain,DUNGEON
CELADON_MART_1F,Céladopole – Centre Commercial (RDC),celadon_city,Céladopole,BUILDING
CELADON_MART_2F,Céladopole – Centre Commercial (1er étage),celadon_city,Céladopole,BUILDING
CELADON_MART_3F,Céladopole – Centre Commercial (2e étage),celadon_city,Céladopole,BUILDING
CELADON_MART_4F,Céladopole – Centre Commercial (3e étage),celadon_city,Céladopole,BUILDING
CELADON_MART_ROOF,Céladopole – Centre Commercial (toit),celadon_city,Céladopole,BUILDING
CELADON_MART_ELEVATOR,Céladopole – Centre Commercial (ascenseur),celadon_city,Céladopole,BUILDING
CELADON_MANSION_1F,Céladopole – Résidence (RDC),celadon_city,Céladopole,BUILDING
CELADON_MANSION_2F,Céladopole – Résidence (1er étage),celadon_city,Céladopole,BUILDING
CELADON_MANSION_3F,Céladopole – Résidence (2e étage),celadon_city,Céladopole,BUILDING
CELADON_MANSION_ROOF,Céladopole – Résidence (toit),celadon_city,Céladopole,BUILDING
CELADON_MANSION_ROOF_HOUSE,Céladopole – Résidence (maison sur le toit),celadon_city,Céladopole,BUILDING
CELADON_POKECENTER,Céladopole – Centre Pokémon,celadon_city,Céladopole,BUILDING
CELADON_GYM,Céladopole – Arène,celadon_city,Céladopole,BUILDING
GAME_CORNER,Céladopole – Casino,celadon_city,Céladopole,BUILDING
CELADON_MART_5F,Céladopole – Centre Commercial (4e étage),celadon_city,Céladopole,BUILDING
GAME_CORNER_PRIZE_ROOM,Céladopole – Comptoir des lots du Casino,celadon_city,Céladopole,BUILDING
CELADON_DINER,Céladopole – Restaurant,celadon_city,Céladopole,BUILDING
CELADON_CHIEF_HOUSE,Céladopole – Maison,celadon_city,Céladopole,BUILDING
CELADON_HOTEL,Céladopole – Hôtel,celadon_city,Céladopole,BUILDING
LAVENDER_POKECENTER,Lavanville – Centre Pokémon,lavender_town,Lavanville,BUILDING
POKEMON_TOWER_1F,Tour Pokémon – RDC,pokemon_tower,Tour Pokémon,DUNGEON
POKEMON_TOWER_2F,Tour Pokémon – 1er étage,pokemon_tower,Tour Pokémon,DUNGEON
POKEMON_TOWER_3F,Tour Pokémon – 2e étage,pokemon_tower,Tour Pokémon,DUNGEON
POKEMON_TOWER_4F,Tour Pokémon – 3e étage,pokemon_tower,Tour Pokémon,DUNGEON
POKEMON_TOWER_5F,Tour Pokémon – 4e étage,pokemon_tower,Tour Pokémon,DUNGEON
POKEMON_TOWER_6F,Tour Pokémon – 5e étage,pokemon_tower,Tour Pokémon,DUNGEON
POKEMON_TOWER_7F,Tour Pokémon – 6e étage,pokemon_tower,Tour Pokémon,DUNGEON
MR_FUJIS_HOUSE,Lavanville – Maison de M. Fuji,lavender_town,Lavanville,BUILDING
LAVENDER_MART,Lavanville – Boutique,lavender_town,Lavanville,BUILDING
LAVENDER_CUBONE_HOUSE,Lavanville – Maison,lavender_town,Lavanville,BUILDING
FUCHSIA_MART,Parmanie – Boutique,fuchsia_city,Parmanie,BUILDING
FUCHSIA_BILLS_GRANDPAS_HOUSE,Parmanie – Maison du grand-père de Léo,fuchsia_city,Parmanie,BUILDING
FUCHSIA_POKECENTER,Parmanie – Centre Pokémon,fuchsia_city,Parmanie,BUILDING
WARDENS_HOUSE,Parmanie – Maison du Gardien,fuchsia_city,Parmanie,BUILDING
SAFARI_ZONE_GATE,Parc Safari – Entrée,safari_zone,Parc Safari,BUILDING
FUCHSIA_GYM,Parmanie – Arène,fuchsia_city,Parmanie,BUILDING
FUCHSIA_MEETING_ROOM,Parmanie – Salle de réunion,fuchsia_city,Parmanie,BUILDING
SEAFOAM_ISLANDS_B1F,Îles Écume – Sous-sol 1,seafoam_islands,Îles Écume,DUNGEON
SEAFOAM_ISLANDS_B2F,Îles Écume – Sous-sol 2,seafoam_islands,Îles Écume,DUNGEON
SEAFOAM_ISLANDS_B3F,Îles Écume – Sous-sol 3,seafoam_islands,Îles Écume,DUNGEON
SEAFOAM_ISLANDS_B4F,Îles Écume – Sous-sol 4,seafoam_islands,Îles Écume,DUNGEON
VERMILION_OLD_ROD_HOUSE,Carmin sur Mer – Maison du Pêcheur,vermilion_city,Carmin sur Mer,BUILDING
FUCHSIA_GOOD_ROD_HOUSE,Parmanie – Maison du Pêcheur,fuchsia_city,Parmanie,BUILDING
POKEMON_MANSION_1F,Manoir Pokémon – RDC,pokemon_mansion,Manoir Pokémon,DUNGEON
CINNABAR_GYM,Cramois'Île – Arène,cinnabar_island,Cramois'Île,BUILDING
CINNABAR_LAB,Cramois'Île – Labo Pokémon,cinnabar_island,Cramois'Île,BUILDING
CINNABAR_LAB_TRADE_ROOM,Cramois'Île – Labo Pokémon (salle d'échange),cinnabar_island,Cramois'Île,BUILDING
CINNABAR_LAB_METRONOME_ROOM,Cramois'Île – Labo Pokémon (salle de recherche),cinnabar_island,Cramois'Île,BUILDING
CINNABAR_LAB_FOSSIL_ROOM,Cramois'Île – Labo Pokémon (salle des fossiles),cinnabar_island,Cramois'Île,BUILDING
CINNABAR_POKECENTER,Cramois'Île – Centre Pokémon,cinnabar_island,Cramois'Île,BUILDING
CINNABAR_MART,Cramois'Île – Boutique,cinnabar_island,Cramois'Île,BUILDING
CINNABAR_MART_COPY,Cramois'Île – Boutique,cinnabar_island,Cramois'Île,BUILDING
INDIGO_PLATEAU_LOBBY,Plateau Indigo – Hall,indigo_plateau,Plateau Indigo,BUILDING
COPYCATS_HOUSE_1F,Safrania – Maison de Copieuse (RDC),saffron_city,Safrania,BUILDING
COPYCATS_HOUSE_2F,Safrania – Maison de Copieuse (1er étage),saffron_city,Safrania,BUILDING
FIGHTING_DOJO,Safrania – Dojo,saffron_city,Safrania,BUILDING
SAFFRON_GYM,Safrania – Arène,saffron_city,Safrania,BUILDING
SAFFRON_PIDGEY_HOUSE,Safrania – Maison,saffron_city,Safrania,BUILDING
SAFFRON_MART,Safrania – Boutique,saffron_city,Safrania,BUILDING
SILPH_CO_1F,Sylphe SARL – RDC,silph_co,Sylphe SARL,DUNGEON
SAFFRON_POKECENTER,Safrania – Centre Pokémon,saffron_city,Safrania,BUILDING
MR_PSYCHICS_HOUSE,Safrania – Maison de M. Psy,saffron_city,Safrania,BUILDING
ROUTE_15_GATE_1F,Route 15 – Poste (RDC),route_15,Route 15,BUILDING
ROUTE_15_GATE_2F,Route 15 – Poste (1er étage),route_15,Route 15,BUILDING
ROUTE_16_GATE_1F,Route 16 – Poste (RDC),route_16,Route 16,BUILDING
ROUTE_16_GATE_2F,Route 16 – Poste (1er étage),route_16,Route 16,BUILDING
ROUTE_16_FLY_HOUSE,Route 16 – Maison,route_16,Route 16,BUILDING
ROUTE_12_SUPER_ROD_HOUSE,Route 12 – Maison du Pêcheur,route_12,Route 12,BUILDING
ROUTE_18_GATE_1F,Route 18 – Poste (RDC),route_18,Route 18,BUILDING
ROUTE_18_GATE_2F,Route 18 – Poste (1er étage),route_18,Route 18,BUILDING
SEAFOAM_ISLANDS_1F,Îles Écume – RDC,seafoam_islands,Îles Écume,DUNGEON
ROUTE_22_GATE,Route 22 – Poste,route_22,Route 22,BUILDING
VICTORY_ROAD_2F,Route Victoire – 1er étage,victory_road,Route Victoire,DUNGEON
ROUTE_12_GATE_2F,Route 12 – Poste (1er étage),route_12,Route 12,BUILDING
VERMILION_TRADE_HOUSE,Carmin sur Mer – Maison d'échange,vermilion_city,Carmin sur Mer,BUILDING
DIGLETTS_CAVE,Cave Taupiqueur,digletts_cave,Cave Taupiqueur,DUNGEON
VICTORY_ROAD_3F,Route Victoire – 2e étage,victory_road,Route Victoire,DUNGEON
ROCKET_HIDEOUT_B1F,Repaire Rocket – Sous-sol 1,rocket_hideout,Repaire Rocket,DUNGEON
ROCKET_HIDEOUT_B2F,Repaire Rocket – Sous-sol 2,rocket_hideout,Repaire Rocket,DUNGEON
ROCKET_HIDEOUT_B3F,Repaire Rocket – Sous-sol 3,rocket_hideout,Repaire Rocket,DUNGEON
ROCKET_HIDEOUT_B4F,Repaire Rocket – Sous-sol 4,rocket_hideout,Repaire Rocket,DUNGEON
ROCKET_HIDEOUT_ELEVATOR,Repaire Rocket – Ascenseur,rocket_hideout,Repaire Rocket,DUNGEON
SILPH_CO_2F,Sylphe SARL – 1er étage,silph_co,Sylphe SARL,DUNGEON
SILPH_CO_3F,Sylphe SARL – 2e étage,silph_co,Sylphe SARL,DUNGEON
SILPH_CO_4F,Sylphe SARL – 3e étage,silph_co,Sylphe SARL,DUNGEON
SILPH_CO_5F,Sylphe SARL – 4e étage,silph_co,Sylphe SARL,DUNGEON
SILPH_CO_6F,Sylphe SARL – 5e étage,silph_co,Sylphe SARL,DUNGEON
SILPH_CO_7F,Sylphe SARL – 6e étage,silph_co,Sylphe SARL,DUNGEON
SILPH_CO_8F,Sylphe SARL – 7e étage,silph_co,Sylphe SARL,DUNGEON
POKEMON_MANSION_2F,Manoir Pokémon – 1er étage,pokemon_mansion,Manoir Pokémon,DUNGEON
POKEMON_MANSION_3F,Manoir Pokémon – 2e étage,pokemon_mansion,Manoir Pokémon,DUNGEON
POKEMON_MANSION_B1F,Manoir Pokémon – Sous-sol,pokemon_mansion,Manoir Pokémon,DUNGEON
SAFARI_ZONE_EAST,Parc Safari – Zone Est,safari_zone,Parc Safari,DUNGEON
SAFARI_ZONE_NORTH,Parc Safari – Zone Nord,safari_zone,Parc Safari,DUNGEON
SAFARI_ZONE_WEST,Parc Safari – Zone Ouest,safari_zone,Parc Safari,DUNGEON
SAFARI_ZONE_CENTER,Parc Safari – Zone Centre,safari_zone,Parc Safari,DUNGEON
SAFARI_ZONE_CENTER_REST_HOUSE,Parc Safari – Zone Centre (maison de repos),safari_zone,Parc Safari,BUILDING
SAFARI_ZONE_SECRET_HOUSE,Parc Safari – Maison secrète,safari_zone,Parc Safari,BUILDING
SAFARI_ZONE_WEST_REST_HOUSE,Parc Safari – Zone Ouest (maison de repos),safari_zone,Parc Safari,BUILDING
SAFARI_ZONE_EAST_REST_HOUSE,Parc Safari – Zone Est (maison de repos),safari_zone,Parc Safari,BUILDING
SAFARI_ZONE_NORTH_REST_HOUSE,Parc Safari – Zone Nord (maison de repos),safari_zone,Parc Safari,BUILDING
CERULEAN_CAVE_2F,Caverne Azurée – 1er étage,cerulean_cave,Caverne Azurée,DUNGEON
CERULEAN_CAVE_B1F,Caverne Azurée – Sous-sol,cerulean_cave,Caverne Azurée,DUNGEON
CERULEAN_CAVE_1F,Caverne Azurée – RDC,cerulean_cave,Caverne Azurée,DUNGEON
NAME_RATERS_HOUSE,Lavanville – Maison de l'Expert en surnoms,lavender_town,Lavanville,BUILDING
CERULEAN_BADGE_HOUSE,Azuria – Maison,cerulean_city,Azuria,BUILDING
ROCK_TUNNEL_B1F,Grotte – Sous-sol,rock_tunnel,Grotte,DUNGEON
SILPH_CO_9F,Sylphe SARL – 8e étage,silph_co,Sylphe SARL,DUNGEON
SILPH_CO_10F,Sylphe SARL – 9e étage,silph_co,Sylphe SARL,DUNGEON
SILPH_CO_11F,Sylphe SARL – 10e étage,silph_co,Sylphe SARL,DUNGEON
SILPH_CO_ELEVATOR,Sylphe SARL – Ascenseur,silph_co,Sylphe SARL,DUNGEON
TRADE_CENTER,Salle d'échange (câble Link),link,Câble Link,SPECIAL
COLOSSEUM,Colisée (câble Link),link,Câble Link,SPECIAL
LORELEIS_ROOM,Plateau Indigo – Salle d'Olga,indigo_plateau,Plateau Indigo,BUILDING
BRUNOS_ROOM,Plateau Indigo – Salle d'Aldo,indigo_plateau,Plateau Indigo,BUILDING
AGATHAS_ROOM,Plateau Indigo – Salle d'Agatha,indigo_plateau,Plateau Indigo,BUILDING
SUMMER_BEACH_HOUSE,Route 19 – Maison de la plage,route_19,Route 19,BUILDING
