family,map,location_area,note
red-blue-yellow,PALLET_TOWN,pallet-town,
red-blue-yellow,VIRIDIAN_CITY,viridian-city,
red-blue-yellow,CERULEAN_CITY,cerulean-city,PokéAPI y range aussi l'échange et le don des maisons de la ville
red-blue-yellow,VERMILION_CITY,vermilion-city,PokéAPI y range aussi l'échange et le don des maisons de la ville
red-blue-yellow,CELADON_CITY,celadon-city,
red-blue-yellow,FUCHSIA_CITY,fuchsia-city,
red-blue-yellow,CINNABAR_ISLAND,cinnabar-island,
red-blue-yellow,ROUTE_1,kanto-route-1,
red-blue-yellow,ROUTE_2,kanto-route-2/south-towards-viridian-city,
red-blue-yellow,ROUTE_2_TRADE_HOUSE,kanto-route-2/north-towards-pewter-city,la seule rencontre de cette zone est l'échange de la maison
red-blue-yellow,ROUTE_3,kanto-route-3,
red-blue-yellow,ROUTE_4,kanto-route-4,
red-blue-yellow,MT_MOON_POKECENTER,kanto-route-4/pokemon-center,vendeur de Magicarpe
red-blue-yellow,MT_MOON_POKECENTER,kanto-route-3/pokemon-center,
red-blue-yellow,ROUTE_5,kanto-route-5,
red-blue-yellow,ROUTE_6,kanto-route-6,
red-blue-yellow,ROUTE_7,kanto-route-7,
red-blue-yellow,ROUTE_8,kanto-route-8,
red-blue-yellow,ROUTE_9,kanto-route-9,
red-blue-yellow,ROUTE_10,kanto-route-10,
red-blue-yellow,ROUTE_11,kanto-route-11,
red-blue-yellow,ROUTE_12,kanto-route-12,
red-blue-yellow,ROUTE_13,kanto-route-13,
red-blue-yellow,ROUTE_14,kanto-route-14,
red-blue-yellow,ROUTE_15,kanto-route-15,
red-blue-yellow,ROUTE_16,kanto-route-16,
red-blue-yellow,ROUTE_17,kanto-route-17,
red-blue-yellow,ROUTE_18,kanto-route-18,
red-blue-yellow,ROUTE_19,kanto-sea-route-19,
red-blue-yellow,ROUTE_20,kanto-sea-route-20,
red-blue-yellow,ROUTE_21,kanto-sea-route-21,
red-blue-yellow,ROUTE_22,kanto-route-22,
red-blue-yellow,ROUTE_23,kanto-route-23,
red-blue-yellow,ROUTE_24,kanto-route-24,
red-blue-yellow,ROUTE_25,kanto-route-25,
red-blue-yellow,VIRIDIAN_FOREST,viridian-forest,
red-blue-yellow,MT_MOON_1F,mt-moon/1f,
red-blue-yellow,MT_MOON_B1F,mt-moon/b1f,
red-blue-yellow,MT_MOON_B2F,mt-moon/b2f,
red-blue-yellow,DIGLETTS_CAVE,digletts-cave,
red-blue-yellow,ROCK_TUNNEL_1F,rock-tunnel/b1f,PokéAPI décale les étages de la Grotte
red-blue-yellow,ROCK_TUNNEL_B1F,rock-tunnel/b2f,PokéAPI décale les étages de la Grotte
red-blue-yellow,POWER_PLANT,kanto-power-plant,
red-blue-yellow,UNDERGROUND_PATH_ROUTE_5,kanto-underground-path,échange de la Route 5
red-blue-yellow,VERMILION_DOCK,vermilion-city/ss-anne-dock,
red-blue-yellow,CELADON_MANSION_ROOF_HOUSE,celadon-city/celadon-mansion,
red-blue-yellow,GAME_CORNER_PRIZE_ROOM,celadon-city/prize-corner,
red-blue-yellow,POKEMON_TOWER_3F,pokemon-tower/3f,
red-blue-yellow,POKEMON_TOWER_4F,pokemon-tower/4f,
red-blue-yellow,POKEMON_TOWER_5F,pokemon-tower/5f,
red-blue-yellow,POKEMON_TOWER_6F,pokemon-tower/6f,
red-blue-yellow,POKEMON_TOWER_7F,pokemon-tower/7f,
red-blue-yellow,SAFARI_ZONE_CENTER,kanto-safari-zone/middle,
red-blue-yellow,SAFARI_ZONE_EAST,kanto-safari-zone/area-1-east,
red-blue-yellow,SAFARI_ZONE_NORTH,kanto-safari-zone/area-2-north,
red-blue-yellow,SAFARI_ZONE_WEST,kanto-safari-zone/area-3-west,
red-blue-yellow,SEAFOAM_ISLANDS_1F,seafoam-islands/1f,
red-blue-yellow,SEAFOAM_ISLANDS_B1F,seafoam-islands/b1f,
red-blue-yellow,SEAFOAM_ISLANDS_B2F,seafoam-islands/b2f,
red-blue-yellow,SEAFOAM_ISLANDS_B3F,seafoam-islands/b3f,
red-blue-yellow,SEAFOAM_ISLANDS_B4F,seafoam-islands/b4f,
red-blue-yellow,POKEMON_MANSION_1F,pokemon-mansion/1f,
red-blue-yellow,POKEMON_MANSION_2F,pokemon-mansion/2f,
red-blue-yellow,POKEMON_MANSION_3F,pokemon-mansion/3f,
red-blue-yellow,POKEMON_MANSION_B1F,pokemon-mansion/b1f,
red-blue-yellow,CINNABAR_LAB_TRADE_ROOM,cinnabar-island/cinnabar-lab,échanges
red-blue-yellow,CINNABAR_LAB_FOSSIL_ROOM,cinnabar-island/cinnabar-lab,fossiles
red-blue-yellow,FIGHTING_DOJO,saffron-city/fighting-dojo,
red-blue-yellow,SILPH_CO_7F,saffron-city/silph-co-7f,
red-blue-yellow,VICTORY_ROAD_1F,kanto-victory-road-2/1f,
red-blue-yellow,VICTORY_ROAD_2F,kanto-victory-road-2/2f,
red-blue-yellow,VICTORY_ROAD_3F,kanto-victory-road-2/3f,
red-blue-yellow,CERULEAN_CAVE_1F,cerulean-cave/1f,
red-blue-yellow,CERULEAN_CAVE_2F,cerulean-cave/2f,
red-blue-yellow,CERULEAN_CAVE_B1F,cerulean-cave/b1f,
gold-silver-crystal,NEW_BARK_TOWN,new-bark-town,PokéAPI y range aussi les Pokémon de départ du labo du Prof. Orme
gold-silver-crystal,CHERRYGROVE_CITY,cherrygrove-city,
gold-silver-crystal,VIOLET_CITY,violet-city,PokéAPI y range aussi l'Œuf Mystère confié au Centre Pokémon
gold-silver-crystal,VIOLET_KYLES_HOUSE,violet-city/southwest-house,échange de la maison
gold-silver-crystal,AZALEA_TOWN,azalea-town/area,
gold-silver-crystal,ROUTE_35_GOLDENROD_GATE,goldenrod-city/north-gate,Piafabec porteur de lettre
gold-silver-crystal,BILLS_FAMILYS_HOUSE,goldenrod-city/bills-house,
gold-silver-crystal,GOLDENROD_GAME_CORNER,goldenrod-city/game-corner,
gold-silver-crystal,GOLDENROD_DEPT_STORE_5F,goldenrod-city/department-store-5f,échange
gold-silver-crystal,ECRUTEAK_CITY,ecruteak-city,
gold-silver-crystal,OLIVINE_CITY,olivine-city,PokéAPI y range aussi l'échange de la maison de Tim
gold-silver-crystal,CIANWOOD_CITY,cianwood-city,
gold-silver-crystal,MANIAS_HOUSE,cianwood-city/manias-house,
gold-silver-crystal,LAKE_OF_RAGE,lake-of-rage,
gold-silver-crystal,BLACKTHORN_CITY,blackthorn-city,PokéAPI y range aussi l'échange de la maison d'Emy
gold-silver-crystal,SPROUT_TOWER_2F,sprout-tower/2f,
gold-silver-crystal,SPROUT_TOWER_3F,sprout-tower/3f,
gold-silver-crystal,TIN_TOWER_2F,bell-tower/2f,
gold-silver-crystal,TIN_TOWER_3F,bell-tower/3f,
gold-silver-crystal,TIN_TOWER_4F,bell-tower/4f,
gold-silver-crystal,TIN_TOWER_5F,bell-tower/5f,
gold-silver-crystal,TIN_TOWER_6F,bell-tower/6f,
gold-silver-crystal,TIN_TOWER_7F,bell-tower/7f,
gold-silver-crystal,TIN_TOWER_8F,bell-tower/8f,
gold-silver-crystal,TIN_TOWER_9F,bell-tower/9f,
gold-silver-crystal,TIN_TOWER_ROOF,bell-tower/roof,
gold-silver-crystal,BURNED_TOWER_1F,burned-tower/1f,
gold-silver-crystal,BURNED_TOWER_B1F,burned-tower/b1f,
gold-silver-crystal,NATIONAL_PARK,national-park,
gold-silver-crystal,NATIONAL_PARK_BUG_CONTEST,national-park,Concours de capture d'insectes
gold-silver-crystal,RUINS_OF_ALPH_OUTSIDE,ruins-of-alph/outside,
gold-silver-crystal,RUINS_OF_ALPH_INNER_CHAMBER,ruins-of-alph/interior-a,PokéAPI répète la même table dans quatre zones intérieures
gold-silver-crystal,UNION_CAVE_1F,union-cave/1f,
gold-silver-crystal,UNION_CAVE_B1F,union-cave/b1f,
gold-silver-crystal,UNION_CAVE_B2F,union-cave/b2f,
gold-silver-crystal,SLOWPOKE_WELL_B1F,slowpoke-well/1f,PokéAPI décale les étages du Puits
gold-silver-crystal,SLOWPOKE_WELL_B2F,slowpoke-well/b1f,PokéAPI décale les étages du Puits
gold-silver-crystal,ILEX_FOREST,ilex-forest,
gold-silver-crystal,MOUNT_MORTAR_1F_OUTSIDE,mt-mortar/1f,
gold-silver-crystal,MOUNT_MORTAR_1F_INSIDE,mt-mortar/lower-cave,
gold-silver-crystal,MOUNT_MORTAR_2F_INSIDE,mt-mortar/upper-cave,
gold-silver-crystal,MOUNT_MORTAR_B1F,mt-mortar/b1f,
gold-silver-crystal,ICE_PATH_1F,ice-path/1f,
gold-silver-crystal,ICE_PATH_B1F,ice-path/b1f,
gold-silver-crystal,ICE_PATH_B2F_MAHOGANY_SIDE,ice-path/b2f,
gold-silver-crystal,ICE_PATH_B2F_BLACKTHORN_SIDE,ice-path/b2f,
gold-silver-crystal,ICE_PATH_B3F,ice-path/b3f,
gold-silver-crystal,WHIRL_ISLAND_NW,whirl-islands/1f,
gold-silver-crystal,WHIRL_ISLAND_NE,whirl-islands/1f,
gold-silver-crystal,WHIRL_ISLAND_SW,whirl-islands/1f,
gold-silver-crystal,WHIRL_ISLAND_CAVE,whirl-islands/1f,
gold-silver-crystal,WHIRL_ISLAND_SE,whirl-islands/1f,
gold-silver-crystal,WHIRL_ISLAND_B1F,whirl-islands/b1f,
gold-silver-crystal,WHIRL_ISLAND_B2F,whirl-islands/b2f,
gold-silver-crystal,WHIRL_ISLAND_LUGIA_CHAMBER,whirl-islands/b3f,
gold-silver-crystal,SILVER_CAVE_OUTSIDE,mt-silver/outside,
gold-silver-crystal,SILVER_CAVE_ROOM_1,mt-silver/1f,
gold-silver-crystal,SILVER_CAVE_ROOM_2,mt-silver/2f,
gold-silver-crystal,SILVER_CAVE_ROOM_3,mt-silver/top,
gold-silver-crystal,SILVER_CAVE_ITEM_ROOMS,mt-silver/item-rooms,zone ajoutée (extra_areas.csv)
gold-silver-crystal,DARK_CAVE_VIOLET_ENTRANCE,dark-cave/violet-city-entrance,
gold-silver-crystal,DARK_CAVE_BLACKTHORN_ENTRANCE,dark-cave/blackthorn-city-entrance,
gold-silver-crystal,DRAGONS_DEN_B1F,dragons-den,
gold-silver-crystal,TOHJO_FALLS,tohjo-falls,
gold-silver-crystal,TEAM_ROCKET_BASE_B1F,team-rocket-hq,pièges du 1er sous-sol
gold-silver-crystal,TEAM_ROCKET_BASE_B2F,team-rocket-hq,Électrode du générateur
gold-silver-crystal,ROUTE_29,johto-route-29,
gold-silver-crystal,ROUTE_30,johto-route-30,
gold-silver-crystal,ROUTE_31,johto-route-31,
gold-silver-crystal,ROUTE_32,johto-route-32,
gold-silver-crystal,ROUTE_33,johto-route-33,
gold-silver-crystal,ROUTE_34,johto-route-34,
gold-silver-crystal,ROUTE_35,johto-route-35,
gold-silver-crystal,ROUTE_36,johto-route-36,
gold-silver-crystal,ROUTE_37,johto-route-37,
gold-silver-crystal,ROUTE_38,johto-route-38,
gold-silver-crystal,ROUTE_39,johto-route-39,
gold-silver-crystal,ROUTE_42,johto-route-42,
gold-silver-crystal,ROUTE_43,johto-route-43,
gold-silver-crystal,ROUTE_44,johto-route-44,
gold-silver-crystal,ROUTE_45,johto-route-45,
gold-silver-crystal,ROUTE_46,johto-route-46,
gold-silver-crystal,ROUTE_40,johto-sea-route-40,
gold-silver-crystal,ROUTE_41,johto-sea-route-41,
gold-silver-crystal,ROUTE_26,kanto-route-26,
gold-silver-crystal,ROUTE_27,kanto-route-27,
gold-silver-crystal,ROUTE_28,kanto-route-28,
gold-silver-crystal,PALLET_TOWN,pallet-town,
gold-silver-crystal,VIRIDIAN_CITY,viridian-city,
gold-silver-crystal,PEWTER_CITY,pewter-city,PokéAPI y range l'échange de la maison de la ville
gold-silver-crystal,CERULEAN_CITY,cerulean-city,
gold-silver-crystal,VERMILION_CITY,vermilion-city,
gold-silver-crystal,VERMILION_PORT,vermilion-city/ss-anne-dock,
gold-silver-crystal,CELADON_CITY,celadon-city,
gold-silver-crystal,CELADON_GAME_CORNER_PRIZE_ROOM,celadon-city/prize-corner,
gold-silver-crystal,FUCHSIA_CITY,fuchsia-city,
gold-silver-crystal,CINNABAR_ISLAND,cinnabar-island,
gold-silver-crystal,DIGLETTS_CAVE,digletts-cave,
gold-silver-crystal,MOUNT_MOON,mt-moon/1f,
gold-silver-crystal,ROCK_TUNNEL_1F,rock-tunnel/1f,
gold-silver-crystal,ROCK_TUNNEL_B1F,rock-tunnel/b1f,
gold-silver-crystal,VICTORY_ROAD,kanto-victory-road-1/1f,une seule carte dans Or et Argent ; PokéAPI y répète la même table sur trois étages
gold-silver-crystal,ROUTE_2,kanto-route-2/south-towards-viridian-city,
gold-silver-crystal,ROUTE_10_NORTH,kanto-route-10,
gold-silver-crystal,ROUTE_19,kanto-sea-route-19,
gold-silver-crystal,ROUTE_20,kanto-sea-route-20,
gold-silver-crystal,ROUTE_21,kanto-sea-route-21,
gold-silver-crystal,ROUTE_1,kanto-route-1,
gold-silver-crystal,ROUTE_3,kanto-route-3,
gold-silver-crystal,ROUTE_4,kanto-route-4,
gold-silver-crystal,ROUTE_5,kanto-route-5,
gold-silver-crystal,ROUTE_6,kanto-route-6,
gold-silver-crystal,ROUTE_7,kanto-route-7,
gold-silver-crystal,ROUTE_8,kanto-route-8,
gold-silver-crystal,ROUTE_9,kanto-route-9,
gold-silver-crystal,ROUTE_11,kanto-route-11,
gold-silver-crystal,ROUTE_12,kanto-route-12,
gold-silver-crystal,ROUTE_13,kanto-route-13,
gold-silver-crystal,ROUTE_14,kanto-route-14,
gold-silver-crystal,ROUTE_15,kanto-route-15,
gold-silver-crystal,ROUTE_16,kanto-route-16,
gold-silver-crystal,ROUTE_17,kanto-route-17,
gold-silver-crystal,ROUTE_18,kanto-route-18,
gold-silver-crystal,ROUTE_22,kanto-route-22,
gold-silver-crystal,ROUTE_24,kanto-route-24,
gold-silver-crystal,ROUTE_25,kanto-route-25,
gold-silver-crystal,GOLDENROD_CITY,goldenrod-city,zone ajoutée (extra_areas.csv) : on pêche dans le canal
gold-silver-crystal,CERULEAN_GYM,cerulean-city/gym,zone ajoutée (extra_areas.csv) : on pêche dans le bassin
gold-silver-crystal,OLIVINE_PORT,olivine-city/port,zone ajoutée (extra_areas.csv)
