family,map_identifier,kind,x,y
gold-silver-crystal,cerulean-city,water,2904,808
gold-silver-crystal,cerulean-city,water,2952,744
gold-silver-crystal,cerulean-city,water,2952,824
gold-silver-crystal,cerulean-city,water,2968,664
gold-silver-crystal,cerulean-city,water,3064,648
gold-silver-crystal,cerulean-city,water,3160,616
gold-silver-crystal,cerulean-city,water,3352,600
gold-silver-crystal,cerulean-city,water,3400,616
gold-silver-crystal,cerulean-city,water,3480,616
gold-silver-crystal,cinnabar-island,water,984,4120
gold-silver-crystal,cinnabar-island,water,1000,4072
gold-silver-crystal,cinnabar-island,water,1000,4200
gold-silver-crystal,cinnabar-island,water,1000,4280
gold-silver-crystal,cinnabar-island,water,1048,4264
gold-silver-crystal,cinnabar-island,water,1112,4280
gold-silver-crystal,cinnabar-island,water,1192,4296
gold-silver-crystal,cinnabar-island,water,1208,4104
gold-silver-crystal,cinnabar-island,water,1256,4296
gold-silver-crystal,fuchsia-city,water,2344,3448
gold-silver-crystal,fuchsia-city,water,2408,3464
gold-silver-crystal,fuchsia-city,water,2424,3432
gold-silver-crystal,fuchsia-city,water,2712,3512
gold-silver-crystal,fuchsia-city,water,2760,3512
gold-silver-crystal,pallet-town,water,1032,3432
gold-silver-crystal,pallet-town,water,1064,3416
gold-silver-crystal,route-1,grass,1048,3096
gold-silver-crystal,route-1,grass,1080,3048
gold-silver-crystal,route-1,grass,1096,3144
gold-silver-crystal,route-1,grass,1144,2696
gold-silver-crystal,route-1,grass,1176,2808
gold-silver-crystal,route-1,grass,1176,2984
gold-silver-crystal,route-1,grass,1192,2712
gold-silver-crystal,route-1,grass,1192,3064
gold-silver-crystal,route-11,grass,3624,2456
gold-silver-crystal,route-11,grass,3624,2520
gold-silver-crystal,route-11,grass,3640,2360
gold-silver-crystal,route-11,grass,3640,2408
gold-silver-crystal,route-11,grass,3672,2520
gold-silver-crystal,route-11,grass,3688,2360
gold-silver-crystal,route-11,grass,3704,2472
gold-silver-crystal,route-11,grass,3736,2520
gold-silver-crystal,route-11,grass,3752,2456
gold-silver-crystal,route-11,grass,3768,2344
gold-silver-crystal,route-11,grass,3768,2408
gold-silver-crystal,route-11,grass,3832,2360
gold-silver-crystal,route-11,grass,3832,2472
gold-silver-crystal,route-11,grass,3848,2568
gold-silver-crystal,route-11,grass,3896,2360
gold-silver-crystal,route-11,grass,3912,2408
gold-silver-crystal,route-11,grass,3944,2456
gold-silver-crystal,route-11,grass,3944,2536
gold-silver-crystal,route-11,grass,3976,2408
gold-silver-crystal,route-11,grass,3992,2328
gold-silver-crystal,route-12,water,4248,2328
gold-silver-crystal,route-12,water,4248,2504
gold-silver-crystal,route-12,water,4248,2680
gold-silver-crystal,route-12,water,4248,2760
gold-silver-crystal,route-12,water,4264,2088
gold-silver-crystal,route-12,water,4264,2152
gold-silver-crystal,route-12,water,4264,2408
gold-silver-crystal,route-12,water,4280,2248
gold-silver-crystal,route-12,water,4280,2600
gold-silver-crystal,route-12,water,4296,2504
gold-silver-crystal,route-12,water,4296,2680
gold-silver-crystal,route-12,water,4296,2776
gold-silver-crystal,route-12,water,4312,2824
gold-silver-crystal,route-12,water,4344,2104
gold-silver-crystal,route-12,water,4344,2248
gold-silver-crystal,route-12,water,4344,2520
gold-silver-crystal,route-12,water,4344,2616
gold-silver-crystal,route-12,water,4360,2328
gold-silver-crystal,route-12,water,4376,2056
gold-silver-crystal,route-12,water,4392,2184
gold-silver-crystal,route-12,water,4392,2424
gold-silver-crystal,route-12,water,4392,2616
gold-silver-crystal,route-12,water,4392,2664
gold-silver-crystal,route-12,water,4392,2744
gold-silver-crystal,route-12,water,4424,2264
gold-silver-crystal,route-12,water,4424,2328
gold-silver-crystal,route-12,water,4440,2136
gold-silver-crystal,route-12,water,4440,2200
gold-silver-crystal,route-12,water,4440,2392
gold-silver-crystal,route-12,water,4440,2472
gold-silver-crystal,route-12,water,4440,2520
gold-silver-crystal,route-12,water,4440,2600
gold-silver-crystal,route-12,water,4440,2664
gold-silver-crystal,route-12,water,4440,2728
gold-silver-crystal,route-12,water,4440,2776
gold-silver-crystal,route-12,water,4440,2824
gold-silver-crystal,route-12,water,4456,2072
gold-silver-crystal,route-13,grass,4280,2952
gold-silver-crystal,route-13,grass,4280,3000
gold-silver-crystal,route-13,water,3944,3144
gold-silver-crystal,route-13,water,4040,3128
gold-silver-crystal,route-13,water,4136,3112
gold-silver-crystal,route-13,water,4216,3112
gold-silver-crystal,route-13,water,4296,3112
gold-silver-crystal,route-13,water,4376,3112
gold-silver-crystal,route-13,water,4424,2920
gold-silver-crystal,route-13,water,4424,3064
gold-silver-crystal,route-13,water,4440,2968
gold-silver-crystal,route-13,water,4440,3112
gold-silver-crystal,route-15,grass,3064,3608
gold-silver-crystal,route-15,grass,3112,3592
gold-silver-crystal,route-15,grass,3336,3592
gold-silver-crystal,route-15,grass,3432,3592
gold-silver-crystal,route-17,water,1624,3448
gold-silver-crystal,route-17,water,1624,3496
gold-silver-crystal,route-17,water,1624,3592
gold-silver-crystal,route-17,water,1640,3544
gold-silver-crystal,route-17,water,1688,2808
gold-silver-crystal,route-17,water,1688,2984
gold-silver-crystal,route-17,water,1704,2504
gold-silver-crystal,route-17,water,1704,2552
gold-silver-crystal,route-17,water,1704,2600
gold-silver-crystal,route-17,water,1704,2680
gold-silver-crystal,route-17,water,1704,2760
gold-silver-crystal,route-17,water,1704,2856
gold-silver-crystal,route-17,water,1704,2904
gold-silver-crystal,route-17,water,1704,3112
gold-silver-crystal,route-17,water,1704,3256
gold-silver-crystal,route-17,water,1704,3576
gold-silver-crystal,route-17,water,1720,3064
gold-silver-crystal,route-17,water,1720,3320
gold-silver-crystal,route-17,water,1752,3128
gold-silver-crystal,route-17,water,1768,3080
gold-silver-crystal,route-17,water,1768,3176
gold-silver-crystal,route-17,water,1768,3608
gold-silver-crystal,route-17,water,1784,2424
gold-silver-crystal,route-17,water,1784,2600
gold-silver-crystal,route-17,water,1784,2808
gold-silver-crystal,route-17,water,1784,2856
gold-silver-crystal,route-17,water,1784,3240
gold-silver-crystal,route-17,water,1800,2472
gold-silver-crystal,route-17,water,1800,2520
gold-silver-crystal,route-17,water,1800,2680
gold-silver-crystal,route-17,water,1800,2744
gold-silver-crystal,route-17,water,1800,2904
gold-silver-crystal,route-17,water,1800,2968
gold-silver-crystal,route-17,water,1800,3016
gold-silver-crystal,route-17,water,1800,3128
gold-silver-crystal,route-17,water,1800,3320
gold-silver-crystal,route-17,water,1816,3576
gold-silver-crystal,route-17,water,1832,3448
gold-silver-crystal,route-17,water,1896,2264
gold-silver-crystal,route-17,water,1896,3592
gold-silver-crystal,route-18,water,1960,3416
gold-silver-crystal,route-18,water,1960,3592
gold-silver-crystal,route-18,water,1960,3656
gold-silver-crystal,route-18,water,1992,3448
gold-silver-crystal,route-19,water,2264,3864
gold-silver-crystal,route-19,water,2264,3912
gold-silver-crystal,route-19,water,2280,3976
gold-silver-crystal,route-19,water,2280,4024
gold-silver-crystal,route-19,water,2280,4280
gold-silver-crystal,route-19,water,2296,4104
gold-silver-crystal,route-19,water,2312,4232
gold-silver-crystal,route-19,water,2344,4136
gold-silver-crystal,route-19,water,2360,3976
gold-silver-crystal,route-19,water,2360,4024
gold-silver-crystal,route-19,water,2360,4088
gold-silver-crystal,route-19,water,2360,4280
gold-silver-crystal,route-19,water,2392,4136
gold-silver-crystal,route-19,water,2408,4248
gold-silver-crystal,route-19,water,2424,4200
gold-silver-crystal,route-19,water,2440,4088
gold-silver-crystal,route-19,water,2456,4264
gold-silver-crystal,route-19,water,2472,4024
gold-silver-crystal,route-19,water,2504,3816
gold-silver-crystal,route-19,water,2504,3864
gold-silver-crystal,route-19,water,2504,4072
gold-silver-crystal,route-19,water,2504,4168
gold-silver-crystal,route-19,water,2520,3928
gold-silver-crystal,route-19,water,2520,4008
gold-silver-crystal,route-19,water,2520,4120
gold-silver-crystal,route-19,water,2520,4264
gold-silver-crystal,route-19,water,2552,3848
gold-silver-crystal,route-2,grass,824,1208
gold-silver-crystal,route-2,grass,872,1208
gold-silver-crystal,route-2,grass,888,1800
gold-silver-crystal,route-2,grass,920,1208
gold-silver-crystal,route-20,water,1304,4200
gold-silver-crystal,route-20,water,1336,4152
gold-silver-crystal,route-20,water,1336,4280
gold-silver-crystal,route-20,water,1384,4200
gold-silver-crystal,route-20,water,1400,4136
gold-silver-crystal,route-20,water,1400,4264
gold-silver-crystal,route-20,water,1432,4216
gold-silver-crystal,route-20,water,1448,4168
gold-silver-crystal,route-20,water,1464,4264
gold-silver-crystal,route-20,water,1480,4088
gold-silver-crystal,route-20,water,1528,4120
gold-silver-crystal,route-20,water,1576,4248
gold-silver-crystal,route-20,water,1592,4104
gold-silver-crystal,route-20,water,1624,4184
gold-silver-crystal,route-20,water,1624,4232
gold-silver-crystal,route-20,water,1656,4088
gold-silver-crystal,route-20,water,1688,4280
gold-silver-crystal,route-20,water,1720,4120
gold-silver-crystal,route-20,water,1752,4280
gold-silver-crystal,route-20,water,1800,4232
gold-silver-crystal,route-20,water,1800,4280
gold-silver-crystal,route-20,water,1848,4280
gold-silver-crystal,route-20,water,1896,4280
gold-silver-crystal,route-20,water,1944,4248
gold-silver-crystal,route-20,water,1976,4088
gold-silver-crystal,route-20,water,1976,4168
gold-silver-crystal,route-20,water,1992,4216
gold-silver-crystal,route-20,water,1992,4264
gold-silver-crystal,route-20,water,2040,4216
gold-silver-crystal,route-20,water,2040,4280
gold-silver-crystal,route-20,water,2072,4120
gold-silver-crystal,route-20,water,2088,4200
gold-silver-crystal,route-20,water,2088,4264
gold-silver-crystal,route-20,water,2136,4264
gold-silver-crystal,route-20,water,2168,4136
gold-silver-crystal,route-20,water,2168,4216
gold-silver-crystal,route-20,water,2184,4088
gold-silver-crystal,route-20,water,2200,4280
gold-silver-crystal,route-20,water,2216,4152
gold-silver-crystal,route-20,water,2216,4200
gold-silver-crystal,route-21,grass,1096,3528
gold-silver-crystal,route-21,grass,1176,3528
gold-silver-crystal,route-21,water,984,3560
gold-silver-crystal,route-21,water,984,3608
gold-silver-crystal,route-21,water,984,3832
gold-silver-crystal,route-21,water,1000,3672
gold-silver-crystal,route-21,water,1000,3912
gold-silver-crystal,route-21,water,1016,3976
gold-silver-crystal,route-21,water,1032,3720
gold-silver-crystal,route-21,water,1032,3800
gold-silver-crystal,route-21,water,1032,3848
gold-silver-crystal,route-21,water,1048,3496
gold-silver-crystal,route-21,water,1048,4024
gold-silver-crystal,route-21,water,1064,3560
gold-silver-crystal,route-21,water,1064,3656
gold-silver-crystal,route-21,water,1064,3928
gold-silver-crystal,route-21,water,1080,3608
gold-silver-crystal,route-21,water,1080,3768
gold-silver-crystal,route-21,water,1096,3720
gold-silver-crystal,route-21,water,1112,3832
gold-silver-crystal,route-21,water,1112,3960
gold-silver-crystal,route-21,water,1112,4008
gold-silver-crystal,route-21,water,1128,3672
gold-silver-crystal,route-21,water,1128,3768
gold-silver-crystal,route-21,water,1128,3880
gold-silver-crystal,route-21,water,1144,3576
gold-silver-crystal,route-21,water,1144,3624
gold-silver-crystal,route-21,water,1160,3832
gold-silver-crystal,route-21,water,1160,3960
gold-silver-crystal,route-21,water,1176,3880
gold-silver-crystal,route-21,water,1176,4008
gold-silver-crystal,route-21,water,1192,3752
gold-silver-crystal,route-21,water,1208,3656
gold-silver-crystal,route-21,water,1224,3576
gold-silver-crystal,route-21,water,1224,3704
gold-silver-crystal,route-21,water,1240,3752
gold-silver-crystal,route-21,water,1240,3800
gold-silver-crystal,route-21,water,1240,3880
gold-silver-crystal,route-21,water,1240,3976
gold-silver-crystal,route-22,grass,296,2312
gold-silver-crystal,route-22,grass,328,2280
gold-silver-crystal,route-22,grass,344,2328
gold-silver-crystal,route-22,grass,504,2280
gold-silver-crystal,route-22,grass,520,2328
gold-silver-crystal,route-22,water,360,2248
gold-silver-crystal,route-22,water,360,2296
gold-silver-crystal,route-22,water,392,2264
gold-silver-crystal,route-22,water,408,2296
gold-silver-crystal,route-25,water,3752,184
gold-silver-crystal,route-25,water,3768,136
gold-silver-crystal,route-25,water,3816,248
gold-silver-crystal,route-25,water,3864,264
gold-silver-crystal,route-25,water,3880,184
gold-silver-crystal,route-25,water,3912,152
gold-silver-crystal,route-25,water,3912,248
gold-silver-crystal,route-25,water,3960,248
gold-silver-crystal,route-25,water,3992,152
gold-silver-crystal,route-25,water,3992,200
gold-silver-crystal,route-25,water,4008,104
gold-silver-crystal,route-25,water,4008,248
gold-silver-crystal,route-3,grass,1640,936
gold-silver-crystal,route-3,grass,1720,936
gold-silver-crystal,route-3,grass,1784,936
gold-silver-crystal,route-3,grass,2072,968
gold-silver-crystal,route-3,grass,2120,952
gold-silver-crystal,route-6,grass,3064,2152
gold-silver-crystal,route-6,grass,3128,2232
gold-silver-crystal,route-6,grass,3160,2120
gold-silver-crystal,route-6,grass,3208,2136
gold-silver-crystal,route-6,grass,3224,2264
gold-silver-crystal,route-6,grass,3256,2120
gold-silver-crystal,route-6,grass,3272,2184
gold-silver-crystal,route-6,grass,3288,2248
gold-silver-crystal,route-6,grass,3336,2136
gold-silver-crystal,route-6,grass,3336,2184
gold-silver-crystal,route-6,grass,3336,2248
gold-silver-crystal,route-7,grass,2808,1768
gold-silver-crystal,route-9,grass,3640,920
gold-silver-crystal,route-9,grass,3864,920
gold-silver-crystal,route-9,grass,4264,984
gold-silver-crystal,route-9,grass,4312,968
gold-silver-crystal,route-9,grass,4360,968
gold-silver-crystal,vermilion-city,water,2920,2584
gold-silver-crystal,vermilion-city,water,2936,2424
gold-silver-crystal,vermilion-city,water,2936,2520
gold-silver-crystal,vermilion-city,water,2936,2632
gold-silver-crystal,vermilion-city,water,2936,2696
gold-silver-crystal,vermilion-city,water,2936,2744
gold-silver-crystal,vermilion-city,water,2952,2840
gold-silver-crystal,vermilion-city,water,2968,2456
gold-silver-crystal,vermilion-city,water,2984,2696
gold-silver-crystal,vermilion-city,water,3016,2440
gold-silver-crystal,vermilion-city,water,3016,2760
gold-silver-crystal,vermilion-city,water,3016,2856
gold-silver-crystal,vermilion-city,water,3048,2712
gold-silver-crystal,vermilion-city,water,3064,2456
gold-silver-crystal,vermilion-city,water,3096,2712
gold-silver-crystal,vermilion-city,water,3096,2840
gold-silver-crystal,vermilion-city,water,3112,2760
gold-silver-crystal,vermilion-city,water,3144,2840
gold-silver-crystal,vermilion-city,water,3160,2632
gold-silver-crystal,vermilion-city,water,3160,2680
gold-silver-crystal,vermilion-city,water,3192,2856
gold-silver-crystal,vermilion-city,water,3224,2680
gold-silver-crystal,vermilion-city,water,3224,2744
gold-silver-crystal,vermilion-city,water,3256,2840
gold-silver-crystal,vermilion-city,water,3272,2648
gold-silver-crystal,vermilion-city,water,3288,2776
gold-silver-crystal,vermilion-city,water,3304,2856
gold-silver-crystal,vermilion-city,water,3320,2616
gold-silver-crystal,vermilion-city,water,3384,2584
gold-silver-crystal,vermilion-city,water,3384,2648
gold-silver-crystal,vermilion-city,water,3400,2712
gold-silver-crystal,vermilion-city,water,3400,2856
gold-silver-crystal,vermilion-city,water,3416,2760
gold-silver-crystal,vermilion-city,water,3480,2744
gold-silver-crystal,vermilion-city,water,3480,2856
gold-silver-crystal,vermilion-city,water,3496,2808
gold-silver-crystal,viridian-city,water,792,2424
gold-silver-crystal,viridian-city,water,792,2456
gold-silver-crystal,viridian-city,water,840,2424
gold-silver-crystal,viridian-city,water,840,2456
red-blue-yellow,celadon-city,water,2744,2024
red-blue-yellow,celadon-city,water,2744,2072
red-blue-yellow,celadon-city,water,2760,2056
red-blue-yellow,celadon-city,water,2792,2040
red-blue-yellow,celadon-city,water,2792,2072
red-blue-yellow,cerulean-cave-1f,floor,8,248
red-blue-yellow,cerulean-cave-1f,floor,24,120
red-blue-yellow,cerulean-cave-1f,floor,24,200
red-blue-yellow,cerulean-cave-1f,floor,40,56
red-blue-yellow,cerulean-cave-1f,floor,40,168
red-blue-yellow,cerulean-cave-1f,floor,88,88
red-blue-yellow,cerulean-cave-1f,floor,120,40
red-blue-yellow,cerulean-cave-1f,floor,168,24
red-blue-yellow,cerulean-cave-1f,floor,200,8
red-blue-yellow,cerulean-cave-1f,floor,232,136
red-blue-yellow,cerulean-cave-1f,floor,248,24
red-blue-yellow,cerulean-cave-1f,floor,248,200
red-blue-yellow,cerulean-cave-1f,floor,280,152
red-blue-yellow,cerulean-cave-1f,floor,280,184
red-blue-yellow,cerulean-cave-1f,floor,344,120
red-blue-yellow,cerulean-cave-1f,floor,344,248
red-blue-yellow,cerulean-cave-1f,floor,360,152
red-blue-yellow,cerulean-cave-1f,floor,376,40
red-blue-yellow,cerulean-cave-1f,floor,376,104
red-blue-yellow,cerulean-cave-1f,floor,392,248
red-blue-yellow,cerulean-cave-1f,floor,408,24
red-blue-yellow,cerulean-cave-1f,floor,456,8
red-blue-yellow,cerulean-cave-2f,floor,8,56
red-blue-yellow,cerulean-cave-2f,floor,56,56
red-blue-yellow,cerulean-cave-2f,floor,56,168
red-blue-yellow,cerulean-cave-2f,floor,104,120
red-blue-yellow,cerulean-cave-2f,floor,200,88
red-blue-yellow,cerulean-cave-2f,floor,200,152
red-blue-yellow,cerulean-cave-2f,floor,216,40
red-blue-yellow,cerulean-cave-2f,floor,264,24
red-blue-yellow,cerulean-cave-2f,floor,280,216
red-blue-yellow,cerulean-cave-2f,floor,360,280
red-blue-yellow,cerulean-cave-2f,floor,376,184
red-blue-yellow,cerulean-cave-2f,floor,392,72
red-blue-yellow,cerulean-cave-2f,floor,408,120
red-blue-yellow,cerulean-cave-2f,floor,456,24
red-blue-yellow,cerulean-cave-2f,floor,472,72
red-blue-yellow,cerulean-cave-b1f,floor,24,88
red-blue-yellow,cerulean-cave-b1f,floor,40,24
red-blue-yellow,cerulean-cave-b1f,floor,56,136
red-blue-yellow,cerulean-cave-b1f,floor,72,8
red-blue-yellow,cerulean-cave-b1f,floor,72,72
red-blue-yellow,cerulean-cave-b1f,floor,88,136
red-blue-yellow,cerulean-cave-b1f,floor,104,248
red-blue-yellow,cerulean-cave-b1f,floor,120,8
red-blue-yellow,cerulean-cave-b1f,floor,152,8
red-blue-yellow,cerulean-cave-b1f,floor,152,200
red-blue-yellow,cerulean-cave-b1f,floor,168,88
red-blue-yellow,cerulean-cave-b1f,floor,184,24
red-blue-yellow,cerulean-cave-b1f,floor,184,136
red-blue-yellow,cerulean-cave-b1f,floor,232,24
red-blue-yellow,cerulean-city,water,3544,824
red-blue-yellow,cerulean-city,water,3592,824
red-blue-yellow,cerulean-city,water,3704,648
red-blue-yellow,cerulean-city,water,3768,600
red-blue-yellow,cerulean-city,water,3800,632
red-blue-yellow,cinnabar-island,water,824,5560
red-blue-yellow,cinnabar-island,water,840,5512
red-blue-yellow,cinnabar-island,water,840,5640
red-blue-yellow,cinnabar-island,water,840,5720
red-blue-yellow,cinnabar-island,water,952,5720
red-blue-yellow,cinnabar-island,water,1032,5720
red-blue-yellow,cinnabar-island,water,1096,5720
red-blue-yellow,digletts-cave,floor,104,264
red-blue-yellow,digletts-cave,floor,184,328
red-blue-yellow,digletts-cave,floor,296,456
red-blue-yellow,fuchsia-city,water,2664,4600
red-blue-yellow,fuchsia-city,water,2728,4616
red-blue-yellow,fuchsia-city,water,2744,4584
red-blue-yellow,fuchsia-city,water,3032,4664
red-blue-yellow,fuchsia-city,water,3080,4664
red-blue-yellow,mt-moon-1f,floor,56,184
red-blue-yellow,mt-moon-1f,floor,56,440
red-blue-yellow,mt-moon-1f,floor,88,264
red-blue-yellow,mt-moon-1f,floor,104,408
red-blue-yellow,mt-moon-1f,floor,120,472
red-blue-yellow,mt-moon-1f,floor,152,200
red-blue-yellow,mt-moon-1f,floor,168,56
red-blue-yellow,mt-moon-1f,floor,168,136
red-blue-yellow,mt-moon-1f,floor,168,440
red-blue-yellow,mt-moon-1f,floor,248,120
red-blue-yellow,mt-moon-1f,floor,264,232
red-blue-yellow,mt-moon-1f,floor,280,72
red-blue-yellow,mt-moon-1f,floor,312,376
red-blue-yellow,mt-moon-1f,floor,344,472
red-blue-yellow,mt-moon-1f,floor,360,72
red-blue-yellow,mt-moon-1f,floor,360,200
red-blue-yellow,mt-moon-1f,floor,408,104
red-blue-yellow,mt-moon-1f,floor,408,344
red-blue-yellow,mt-moon-1f,floor,472,216
red-blue-yellow,mt-moon-1f,floor,472,296
red-blue-yellow,mt-moon-1f,floor,472,360
red-blue-yellow,mt-moon-1f,floor,504,152
red-blue-yellow,mt-moon-1f,floor,504,520
red-blue-yellow,mt-moon-1f,floor,552,136
red-blue-yellow,mt-moon-1f,floor,568,72
red-blue-yellow,mt-moon-1f,floor,568,216
red-blue-yellow,mt-moon-1f,floor,584,312
red-blue-yellow,mt-moon-b1f,floor,88,136
red-blue-yellow,mt-moon-b1f,floor,88,264
red-blue-yellow,mt-moon-b1f,floor,104,200
red-blue-yellow,mt-moon-b1f,floor,216,280
red-blue-yellow,mt-moon-b1f,floor,264,152
red-blue-yellow,mt-moon-b1f,floor,280,440
red-blue-yellow,mt-moon-b1f,floor,328,56
red-blue-yellow,mt-moon-b1f,floor,328,152
red-blue-yellow,mt-moon-b1f,floor,392,408
red-blue-yellow,mt-moon-b1f,floor,408,312
red-blue-yellow,mt-moon-b1f,floor,440,440
red-blue-yellow,mt-moon-b2f,floor,104,56
red-blue-yellow,mt-moon-b2f,floor,136,392
red-blue-yellow,mt-moon-b2f,floor,136,504
red-blue-yellow,mt-moon-b2f,floor,168,56
red-blue-yellow,mt-moon-b2f,floor,168,184
red-blue-yellow,mt-moon-b2f,floor,168,328
red-blue-yellow,mt-moon-b2f,floor,168,456
red-blue-yellow,mt-moon-b2f,floor,264,280
red-blue-yellow,mt-moon-b2f,floor,296,376
red-blue-yellow,mt-moon-b2f,floor,344,136
red-blue-yellow,mt-moon-b2f,floor,360,408
red-blue-yellow,mt-moon-b2f,floor,376,216
red-blue-yellow,mt-moon-b2f,floor,408,424
red-blue-yellow,mt-moon-b2f,floor,424,280
red-blue-yellow,mt-moon-b2f,floor,440,216
red-blue-yellow,mt-moon-b2f,floor,456,152
red-blue-yellow,mt-moon-b2f,floor,456,408
red-blue-yellow,mt-moon-b2f,floor,520,280
red-blue-yellow,mt-moon-b2f,floor,520,504
red-blue-yellow,mt-moon-b2f,floor,536,440
red-blue-yellow,mt-moon-b2f,floor,552,184
red-blue-yellow,mt-moon-b2f,floor,552,376
red-blue-yellow,mt-moon-b2f,floor,584,232
red-blue-yellow,mt-moon-b2f,floor,600,312
red-blue-yellow,mt-moon-b2f,floor,600,360
red-blue-yellow,pallet-town,water,888,4008
red-blue-yellow,pallet-town,water,904,3992
red-blue-yellow,pokemon-mansion-1f,floor,40,200
red-blue-yellow,pokemon-mansion-1f,floor,40,328
red-blue-yellow,pokemon-mansion-1f,floor,40,408
red-blue-yellow,pokemon-mansion-1f,floor,72,264
red-blue-yellow,pokemon-mansion-1f,floor,88,40
red-blue-yellow,pokemon-mansion-1f,floor,88,312
red-blue-yellow,pokemon-mansion-1f,floor,88,376
red-blue-yellow,pokemon-mansion-1f,floor,120,120
red-blue-yellow,pokemon-mansion-1f,floor,136,40
red-blue-yellow,pokemon-mansion-1f,floor,152,328
red-blue-yellow,pokemon-mansion-1f,floor,152,408
red-blue-yellow,pokemon-mansion-1f,floor,184,40
red-blue-yellow,pokemon-mansion-1f,floor,184,184
red-blue-yellow,pokemon-mansion-1f,floor,200,88
red-blue-yellow,pokemon-mansion-1f,floor,216,248
red-blue-yellow,pokemon-mansion-1f,floor,216,328
red-blue-yellow,pokemon-mansion-1f,floor,232,408
red-blue-yellow,pokemon-mansion-1f,floor,248,152
red-blue-yellow,pokemon-mansion-1f,floor,264,88
red-blue-yellow,pokemon-mansion-1f,floor,264,264
red-blue-yellow,pokemon-mansion-1f,floor,296,152
red-blue-yellow,pokemon-mansion-1f,floor,296,408
red-blue-yellow,pokemon-mansion-1f,floor,312,88
red-blue-yellow,pokemon-mansion-1f,floor,360,40
red-blue-yellow,pokemon-mansion-1f,floor,360,248
red-blue-yellow,pokemon-mansion-1f,floor,360,408
red-blue-yellow,pokemon-mansion-1f,floor,392,104
red-blue-yellow,pokemon-mansion-1f,floor,392,184
red-blue-yellow,pokemon-mansion-1f,floor,408,264
red-blue-yellow,pokemon-mansion-1f,floor,424,40
red-blue-yellow,pokemon-mansion-1f,floor,424,328
red-blue-yellow,pokemon-mansion-1f,floor,424,376
red-blue-yellow,pokemon-mansion-1f,floor,440,104
red-blue-yellow,pokemon-mansion-2f,floor,24,200
red-blue-yellow,pokemon-mansion-2f,floor,40,120
red-blue-yellow,pokemon-mansion-2f,floor,40,408
red-blue-yellow,pokemon-mansion-2f,floor,72,72
red-blue-yellow,pokemon-mansion-2f,floor,88,344
red-blue-yellow,pokemon-mansion-2f,floor,88,408
red-blue-yellow,pokemon-mansion-2f,floor,120,72
red-blue-yellow,pokemon-mansion-2f,floor,152,296
red-blue-yellow,pokemon-mansion-2f,floor,152,344
red-blue-yellow,pokemon-mansion-2f,floor,152,392
red-blue-yellow,pokemon-mansion-2f,floor,184,120
red-blue-yellow,pokemon-mansion-2f,floor,184,184
red-blue-yellow,pokemon-mansion-2f,floor,200,72
red-blue-yellow,pokemon-mansion-2f,floor,216,296
red-blue-yellow,pokemon-mansion-2f,floor,216,392
red-blue-yellow,pokemon-mansion-2f,floor,248,104
red-blue-yellow,pokemon-mansion-2f,floor,280,168
red-blue-yellow,pokemon-mansion-2f,floor,296,104
red-blue-yellow,pokemon-mansion-2f,floor,328,168
red-blue-yellow,pokemon-mansion-2f,floor,328,216
red-blue-yellow,pokemon-mansion-2f,floor,344,56
red-blue-yellow,pokemon-mansion-2f,floor,344,104
red-blue-yellow,pokemon-mansion-2f,floor,392,184
red-blue-yellow,pokemon-mansion-2f,floor,424,72
red-blue-yellow,pokemon-mansion-2f,floor,440,184
red-blue-yellow,pokemon-mansion-3f,floor,56,56
red-blue-yellow,pokemon-mansion-3f,floor,88,168
red-blue-yellow,pokemon-mansion-3f,floor,88,232
red-blue-yellow,pokemon-mansion-3f,floor,120,88
red-blue-yellow,pokemon-mansion-3f,floor,136,216
red-blue-yellow,pokemon-mansion-3f,floor,152,40
red-blue-yellow,pokemon-mansion-3f,floor,152,168
red-blue-yellow,pokemon-mansion-3f,floor,200,88
red-blue-yellow,pokemon-mansion-3f,floor,232,40
red-blue-yellow,pokemon-mansion-3f,floor,232,168
red-blue-yellow,pokemon-mansion-3f,floor,280,56
red-blue-yellow,pokemon-mansion-3f,floor,280,120
red-blue-yellow,pokemon-mansion-3f,floor,328,56
red-blue-yellow,pokemon-mansion-3f,floor,328,104
red-blue-yellow,pokemon-mansion-3f,floor,376,184
red-blue-yellow,pokemon-mansion-3f,floor,392,88
red-blue-yellow,pokemon-mansion-3f,floor,408,136
red-blue-yellow,pokemon-mansion-3f,floor,424,184
red-blue-yellow,pokemon-mansion-3f,floor,456,120
red-blue-yellow,pokemon-mansion-3f,floor,456,248
red-blue-yellow,pokemon-mansion-b1f,floor,40,104
red-blue-yellow,pokemon-mansion-b1f,floor,56,56
red-blue-yellow,pokemon-mansion-b1f,floor,88,136
red-blue-yellow,pokemon-mansion-b1f,floor,88,328
red-blue-yellow,pokemon-mansion-b1f,floor,104,408
red-blue-yellow,pokemon-mansion-b1f,floor,120,40
red-blue-yellow,pokemon-mansion-b1f,floor,120,88
red-blue-yellow,pokemon-mansion-b1f,floor,152,344
red-blue-yellow,pokemon-mansion-b1f,floor,184,168
red-blue-yellow,pokemon-mansion-b1f,floor,184,280
red-blue-yellow,pokemon-mansion-b1f,floor,184,408
red-blue-yellow,pokemon-mansion-b1f,floor,200,88
red-blue-yellow,pokemon-mansion-b1f,floor,200,232
red-blue-yellow,pokemon-mansion-b1f,floor,216,360
red-blue-yellow,pokemon-mansion-b1f,floor,232,168
red-blue-yellow,pokemon-mansion-b1f,floor,248,56
red-blue-yellow,pokemon-mansion-b1f,floor,264,216
red-blue-yellow,pokemon-mansion-b1f,floor,312,232
red-blue-yellow,pokemon-mansion-b1f,floor,328,184
red-blue-yellow,pokemon-mansion-b1f,floor,360,248
red-blue-yellow,pokemon-mansion-b1f,floor,360,312
red-blue-yellow,pokemon-mansion-b1f,floor,360,408
red-blue-yellow,pokemon-mansion-b1f,floor,376,168
red-blue-yellow,pokemon-mansion-b1f,floor,392,104
red-blue-yellow,pokemon-mansion-b1f,floor,408,312
red-blue-yellow,pokemon-mansion-b1f,floor,424,392
red-blue-yellow,pokemon-mansion-b1f,floor,440,40
red-blue-yellow,pokemon-mansion-b1f,floor,440,136
red-blue-yellow,pokemon-mansion-b1f,floor,440,216
red-blue-yellow,pokemon-mansion-b1f,floor,440,264
red-blue-yellow,pokemon-tower-3f,floor,88,104
red-blue-yellow,pokemon-tower-3f,floor,88,216
red-blue-yellow,pokemon-tower-3f,floor,136,184
red-blue-yellow,pokemon-tower-3f,floor,152,72
red-blue-yellow,pokemon-tower-3f,floor,200,168
red-blue-yellow,pokemon-tower-3f,floor,216,120
red-blue-yellow,pokemon-tower-3f,floor,216,232
red-blue-yellow,pokemon-tower-3f,floor,264,104
red-blue-yellow,pokemon-tower-3f,floor,264,152
red-blue-yellow,pokemon-tower-4f,floor,88,104
red-blue-yellow,pokemon-tower-4f,floor,136,216
red-blue-yellow,pokemon-tower-4f,floor,152,88
red-blue-yellow,pokemon-tower-4f,floor,168,40
red-blue-yellow,pokemon-tower-4f,floor,200,104
red-blue-yellow,pokemon-tower-4f,floor,216,56
red-blue-yellow,pokemon-tower-4f,floor,264,88
red-blue-yellow,pokemon-tower-5f,floor,88,120
red-blue-yellow,pokemon-tower-5f,floor,152,200
red-blue-yellow,pokemon-tower-5f,floor,168,72
red-blue-yellow,pokemon-tower-5f,floor,216,248
red-blue-yellow,pokemon-tower-5f,floor,232,200
red-blue-yellow,pokemon-tower-5f,floor,248,104
red-blue-yellow,pokemon-tower-6f,floor,72,104
red-blue-yellow,pokemon-tower-6f,floor,136,200
red-blue-yellow,pokemon-tower-6f,floor,168,56
red-blue-yellow,pokemon-tower-6f,floor,168,120
red-blue-yellow,pokemon-tower-6f,floor,168,248
red-blue-yellow,pokemon-tower-6f,floor,264,136
red-blue-yellow,pokemon-tower-7f,floor,184,40
red-blue-yellow,pokemon-tower-7f,floor,200,104
red-blue-yellow,pokemon-tower-7f,floor,200,200
red-blue-yellow,power-plant,floor,40,376
red-blue-yellow,power-plant,floor,40,536
red-blue-yellow,power-plant,floor,56,488
red-blue-yellow,power-plant,floor,72,88
red-blue-yellow,power-plant,floor,72,248
red-blue-yellow,power-plant,floor,72,424
red-blue-yellow,power-plant,floor,88,296
red-blue-yellow,power-plant,floor,88,536
red-blue-yellow,power-plant,floor,120,72
red-blue-yellow,power-plant,floor,136,248
red-blue-yellow,power-plant,floor,168,360
red-blue-yellow,power-plant,floor,184,88
red-blue-yellow,power-plant,floor,184,248
red-blue-yellow,power-plant,floor,184,520
red-blue-yellow,power-plant,floor,200,168
red-blue-yellow,power-plant,floor,200,408
red-blue-yellow,power-plant,floor,200,456
red-blue-yellow,power-plant,floor,232,536
red-blue-yellow,power-plant,floor,248,456
red-blue-yellow,power-plant,floor,280,216
red-blue-yellow,power-plant,floor,280,344
red-blue-yellow,power-plant,floor,296,104
red-blue-yellow,power-plant,floor,296,424
red-blue-yellow,power-plant,floor,296,552
red-blue-yellow,power-plant,floor,312,152
red-blue-yellow,power-plant,floor,344,440
red-blue-yellow,power-plant,floor,376,56
red-blue-yellow,power-plant,floor,440,168
red-blue-yellow,power-plant,floor,456,424
red-blue-yellow,power-plant,floor,472,536
red-blue-yellow,power-plant,floor,504,216
red-blue-yellow,power-plant,floor,536,168
red-blue-yellow,power-plant,floor,552,344
red-blue-yellow,power-plant,floor,568,104
red-blue-yellow,power-plant,floor,568,424
red-blue-yellow,power-plant,floor,600,248
red-blue-yellow,rock-tunnel-1f,floor,40,232
red-blue-yellow,rock-tunnel-1f,floor,56,328
red-blue-yellow,rock-tunnel-1f,floor,88,152
red-blue-yellow,rock-tunnel-1f,floor,104,312
red-blue-yellow,rock-tunnel-1f,floor,104,408
red-blue-yellow,rock-tunnel-1f,floor,152,152
red-blue-yellow,rock-tunnel-1f,floor,152,200
red-blue-yellow,rock-tunnel-1f,floor,152,248
red-blue-yellow,rock-tunnel-1f,floor,168,328
red-blue-yellow,rock-tunnel-1f,floor,216,424
red-blue-yellow,rock-tunnel-1f,floor,232,232
red-blue-yellow,rock-tunnel-1f,floor,248,312
red-blue-yellow,rock-tunnel-1f,floor,280,456
red-blue-yellow,rock-tunnel-1f,floor,296,104
red-blue-yellow,rock-tunnel-1f,floor,296,520
red-blue-yellow,rock-tunnel-1f,floor,328,280
red-blue-yellow,rock-tunnel-1f,floor,328,328
red-blue-yellow,rock-tunnel-1f,floor,344,88
red-blue-yellow,rock-tunnel-1f,floor,344,152
red-blue-yellow,rock-tunnel-1f,floor,392,200
red-blue-yellow,rock-tunnel-1f,floor,408,104
red-blue-yellow,rock-tunnel-1f,floor,408,360
red-blue-yellow,rock-tunnel-1f,floor,424,312
red-blue-yellow,rock-tunnel-1f,floor,424,440
red-blue-yellow,rock-tunnel-1f,floor,456,392
red-blue-yellow,rock-tunnel-1f,floor,520,200
red-blue-yellow,rock-tunnel-1f,floor,520,472
red-blue-yellow,rock-tunnel-1f,floor,536,280
red-blue-yellow,rock-tunnel-1f,floor,536,328
red-blue-yellow,rock-tunnel-1f,floor,568,120
red-blue-yellow,rock-tunnel-1f,floor,568,200
red-blue-yellow,rock-tunnel-1f,floor,584,392
red-blue-yellow,rock-tunnel-1f,floor,584,472
red-blue-yellow,rock-tunnel-b1f,floor,56,232
red-blue-yellow,rock-tunnel-b1f,floor,56,504
red-blue-yellow,rock-tunnel-b1f,floor,72,152
red-blue-yellow,rock-tunnel-b1f,floor,72,280
red-blue-yellow,rock-tunnel-b1f,floor,88,424
red-blue-yellow,rock-tunnel-b1f,floor,136,424
red-blue-yellow,rock-tunnel-b1f,floor,136,504
red-blue-yellow,rock-tunnel-b1f,floor,152,104
red-blue-yellow,rock-tunnel-b1f,floor,152,168
red-blue-yellow,rock-tunnel-b1f,floor,152,280
red-blue-yellow,rock-tunnel-b1f,floor,168,344
red-blue-yellow,rock-tunnel-b1f,floor,184,232
red-blue-yellow,rock-tunnel-b1f,floor,184,504
red-blue-yellow,rock-tunnel-b1f,floor,232,280
red-blue-yellow,rock-tunnel-b1f,floor,232,520
red-blue-yellow,rock-tunnel-b1f,floor,248,408
red-blue-yellow,rock-tunnel-b1f,floor,264,56
red-blue-yellow,rock-tunnel-b1f,floor,264,120
red-blue-yellow,rock-tunnel-b1f,floor,280,184
red-blue-yellow,rock-tunnel-b1f,floor,280,504
red-blue-yellow,rock-tunnel-b1f,floor,328,424
red-blue-yellow,rock-tunnel-b1f,floor,344,56
red-blue-yellow,rock-tunnel-b1f,floor,360,296
red-blue-yellow,rock-tunnel-b1f,floor,392,360
red-blue-yellow,rock-tunnel-b1f,floor,392,408
red-blue-yellow,rock-tunnel-b1f,floor,408,520
red-blue-yellow,rock-tunnel-b1f,floor,440,104
red-blue-yellow,rock-tunnel-b1f,floor,440,296
red-blue-yellow,rock-tunnel-b1f,floor,472,184
red-blue-yellow,rock-tunnel-b1f,floor,472,440
red-blue-yellow,rock-tunnel-b1f,floor,488,392
red-blue-yellow,rock-tunnel-b1f,floor,520,56
red-blue-yellow,rock-tunnel-b1f,floor,520,520
red-blue-yellow,rock-tunnel-b1f,floor,568,184
red-blue-yellow,rock-tunnel-b1f,floor,568,264
red-blue-yellow,rock-tunnel-b1f,floor,568,520
red-blue-yellow,route-1,grass,888,3672
red-blue-yellow,route-1,grass,920,3640
red-blue-yellow,route-1,grass,984,3288
red-blue-yellow,route-1,grass,1032,3560
red-blue-yellow,route-1,grass,1048,3304
red-blue-yellow,route-1,grass,1048,3640
red-blue-yellow,route-11,grass,4376,3144
red-blue-yellow,route-11,grass,4376,3224
red-blue-yellow,route-11,grass,4440,3064
red-blue-yellow,route-11,grass,4440,3240
red-blue-yellow,route-11,grass,4472,3176
red-blue-yellow,route-11,grass,4552,3112
red-blue-yellow,route-11,grass,4568,3016
red-blue-yellow,route-11,grass,4584,3064
red-blue-yellow,route-11,grass,4584,3240
red-blue-yellow,route-11,grass,4616,3112
red-blue-yellow,route-11,grass,4632,3032
red-blue-yellow,route-11,grass,4632,3224
red-blue-yellow,route-11,grass,4680,3064
red-blue-yellow,route-11,grass,4696,3160
red-blue-yellow,route-11,grass,4776,3096
red-blue-yellow,route-11,grass,4792,3048
red-blue-yellow,route-11,grass,4792,3144
red-blue-yellow,route-11,grass,4792,3240
red-blue-yellow,route-11,grass,4840,3192
red-blue-yellow,route-11,grass,4856,3032
red-blue-yellow,route-12,grass,5192,3752
red-blue-yellow,route-12,grass,5192,3800
red-blue-yellow,route-12,grass,5192,3848
red-blue-yellow,route-12,grass,5224,3752
red-blue-yellow,route-12,grass,5224,3816
red-blue-yellow,route-12,grass,5240,3784
red-blue-yellow,route-12,grass,5240,3848
red-blue-yellow,route-12,water,5208,2888
red-blue-yellow,route-12,water,5208,3688
red-blue-yellow,route-12,water,5224,2280
red-blue-yellow,route-12,water,5224,2536
red-blue-yellow,route-12,water,5224,3096
red-blue-yellow,route-12,water,5224,3192
red-blue-yellow,route-12,water,5224,3304
red-blue-yellow,route-12,water,5256,2632
red-blue-yellow,route-12,water,5304,2232
red-blue-yellow,route-12,water,5304,2744
red-blue-yellow,route-12,water,5352,2312
red-blue-yellow,route-12,water,5352,3160
red-blue-yellow,route-12,water,5368,3272
red-blue-yellow,route-12,water,5368,3832
red-blue-yellow,route-12,water,5384,2392
red-blue-yellow,route-12,water,5384,2456
red-blue-yellow,route-12,water,5384,3096
red-blue-yellow,route-12,water,5400,2296
red-blue-yellow,route-12,water,5400,2520
red-blue-yellow,route-12,water,5400,2728
red-blue-yellow,route-12,water,5400,2856
red-blue-yellow,route-12,water,5400,2952
red-blue-yellow,route-12,water,5400,3048
red-blue-yellow,route-12,water,5400,3208
red-blue-yellow,route-12,water,5400,3320
red-blue-yellow,route-12,water,5400,3400
red-blue-yellow,route-12,water,5400,3512
red-blue-yellow,route-12,water,5400,3624
red-blue-yellow,route-12,water,5400,3784
red-blue-yellow,route-13,grass,5096,3944
red-blue-yellow,route-13,grass,5096,3992
red-blue-yellow,route-13,grass,5144,3944
red-blue-yellow,route-13,grass,5160,3992
red-blue-yellow,route-13,grass,5192,3960
red-blue-yellow,route-13,grass,5240,3944
red-blue-yellow,route-13,grass,5240,3992
red-blue-yellow,route-13,water,4824,4120
red-blue-yellow,route-13,water,4904,4136
red-blue-yellow,route-13,water,5000,4120
red-blue-yellow,route-13,water,5096,4104
red-blue-yellow,route-13,water,5176,4104
red-blue-yellow,route-13,water,5256,4104
red-blue-yellow,route-13,water,5336,4104
red-blue-yellow,route-13,water,5352,3992
red-blue-yellow,route-13,water,5384,3912
red-blue-yellow,route-13,water,5384,4056
red-blue-yellow,route-13,water,5400,4104
red-blue-yellow,route-14,grass,4232,4168
red-blue-yellow,route-14,grass,4232,4232
red-blue-yellow,route-14,grass,4264,4184
red-blue-yellow,route-14,grass,4264,4232
red-blue-yellow,route-14,grass,4296,4216
red-blue-yellow,route-14,grass,4312,4168
red-blue-yellow,route-14,grass,4312,4248
red-blue-yellow,route-15,grass,3496,4584
red-blue-yellow,route-15,grass,3560,4584
red-blue-yellow,route-15,grass,3704,4584
red-blue-yellow,route-15,grass,3752,4584
red-blue-yellow,route-15,grass,3976,4584
red-blue-yellow,route-15,grass,4056,4584
red-blue-yellow,route-15,grass,4120,4584
red-blue-yellow,route-16,grass,2216,1896
red-blue-yellow,route-16,grass,2216,1944
red-blue-yellow,route-16,grass,2264,1928
red-blue-yellow,route-16,grass,2296,1896
red-blue-yellow,route-16,grass,2328,1944
red-blue-yellow,route-17,water,1800,4344
red-blue-yellow,route-17,water,1816,4280
red-blue-yellow,route-17,water,1832,4168
red-blue-yellow,route-17,water,1832,4216
red-blue-yellow,route-17,water,1848,2952
red-blue-yellow,route-17,water,1864,2824
red-blue-yellow,route-17,water,1864,3080
red-blue-yellow,route-17,water,1864,3224
red-blue-yellow,route-17,water,1864,3352
red-blue-yellow,route-17,water,1864,3400
red-blue-yellow,route-17,water,1880,3976
red-blue-yellow,route-17,water,1896,3624
red-blue-yellow,route-17,water,1896,3784
red-blue-yellow,route-17,water,1896,3880
red-blue-yellow,route-17,water,1928,3576
red-blue-yellow,route-17,water,1944,3704
red-blue-yellow,route-17,water,1944,3976
red-blue-yellow,route-17,water,1960,2648
red-blue-yellow,route-17,water,1960,2712
red-blue-yellow,route-17,water,1960,2872
red-blue-yellow,route-17,water,1960,2936
red-blue-yellow,route-17,water,1960,3096
red-blue-yellow,route-17,water,1960,3288
red-blue-yellow,route-17,water,1960,3480
red-blue-yellow,route-17,water,1960,3848
red-blue-yellow,route-17,water,2024,4280
red-blue-yellow,route-17,water,2040,4184
red-blue-yellow,route-17,water,2040,4232
red-blue-yellow,route-17,water,2040,4376
red-blue-yellow,route-17,water,2056,2184
red-blue-yellow,route-18,grass,2344,4664
red-blue-yellow,route-18,grass,2344,4696
red-blue-yellow,route-18,grass,2376,4648
red-blue-yellow,route-18,grass,2376,4680
red-blue-yellow,route-18,grass,2424,4648
red-blue-yellow,route-18,water,1800,4472
red-blue-yellow,route-18,water,1800,4600
red-blue-yellow,route-18,water,1800,4648
red-blue-yellow,route-18,water,1816,4552
red-blue-yellow,route-18,water,1832,4504
red-blue-yellow,route-18,water,1832,4696
red-blue-yellow,route-18,water,1848,4648
red-blue-yellow,route-18,water,1880,4696
red-blue-yellow,route-18,water,1928,4664
red-blue-yellow,route-18,water,1992,4664
red-blue-yellow,route-18,water,2008,4488
red-blue-yellow,route-18,water,2024,4536
red-blue-yellow,route-18,water,2040,4648
red-blue-yellow,route-18,water,2056,4472
red-blue-yellow,route-18,water,2072,4696
red-blue-yellow,route-18,water,2088,4520
red-blue-yellow,route-18,water,2104,4664
red-blue-yellow,route-18,water,2152,4648
red-blue-yellow,route-18,water,2152,4696
red-blue-yellow,route-18,water,2200,4632
red-blue-yellow,route-18,water,2216,4696
red-blue-yellow,route-18,water,2248,4632
red-blue-yellow,route-18,water,2280,4680
red-blue-yellow,route-19,water,2744,5624
red-blue-yellow,route-19,water,2760,5176
red-blue-yellow,route-19,water,2760,5432
red-blue-yellow,route-19,water,2760,5704
red-blue-yellow,route-19,water,2776,5096
red-blue-yellow,route-19,water,2776,5256
red-blue-yellow,route-19,water,2776,5480
red-blue-yellow,route-19,water,2776,5576
red-blue-yellow,route-19,water,2792,5384
red-blue-yellow,route-19,water,2824,5512
red-blue-yellow,route-19,water,2840,5128
red-blue-yellow,route-19,water,2840,5176
red-blue-yellow,route-19,water,2840,5240
red-blue-yellow,route-19,water,2840,5656
red-blue-yellow,route-19,water,2872,5288
red-blue-yellow,route-19,water,2888,5400
red-blue-yellow,route-19,water,2904,5352
red-blue-yellow,route-19,water,2904,5480
red-blue-yellow,route-19,water,2904,5704
red-blue-yellow,route-19,water,2920,5240
red-blue-yellow,route-19,water,2936,5112
red-blue-yellow,route-19,water,2936,5528
red-blue-yellow,route-19,water,2936,5640
red-blue-yellow,route-19,water,2952,5176
red-blue-yellow,route-19,water,2968,5688
red-blue-yellow,route-19,water,2984,5224
red-blue-yellow,route-19,water,2984,5320
red-blue-yellow,route-19,water,3000,5064
red-blue-yellow,route-19,water,3000,5464
red-blue-yellow,route-19,water,3000,5560
red-blue-yellow,route-2,grass,824,1496
red-blue-yellow,route-2,grass,840,1544
red-blue-yellow,route-2,grass,872,1496
red-blue-yellow,route-2,grass,888,2248
red-blue-yellow,route-2,grass,904,1544
red-blue-yellow,route-2,grass,920,1496
red-blue-yellow,route-2,grass,936,2248
red-blue-yellow,route-20,water,1176,5592
red-blue-yellow,route-20,water,1176,5720
red-blue-yellow,route-20,water,1240,5576
red-blue-yellow,route-20,water,1272,5656
red-blue-yellow,route-20,water,1304,5704
red-blue-yellow,route-20,water,1320,5528
red-blue-yellow,route-20,water,1416,5688
red-blue-yellow,route-20,water,1432,5544
red-blue-yellow,route-20,water,1464,5624
red-blue-yellow,route-20,water,1528,5720
red-blue-yellow,route-20,water,1560,5560
red-blue-yellow,route-20,water,1592,5720
red-blue-yellow,route-20,water,1640,5512
red-blue-yellow,route-20,water,1640,5672
red-blue-yellow,route-20,water,1736,5544
red-blue-yellow,route-20,water,1768,5608
red-blue-yellow,route-20,water,2168,5528
red-blue-yellow,route-20,water,2168,5608
red-blue-yellow,route-20,water,2248,5560
red-blue-yellow,route-20,water,2264,5704
red-blue-yellow,route-20,water,2296,5528
red-blue-yellow,route-20,water,2296,5640
red-blue-yellow,route-20,water,2360,5624
red-blue-yellow,route-20,water,2376,5704
red-blue-yellow,route-20,water,2440,5544
red-blue-yellow,route-20,water,2456,5656
red-blue-yellow,route-20,water,2504,5720
red-blue-yellow,route-20,water,2536,5544
red-blue-yellow,route-20,water,2584,5640
red-blue-yellow,route-20,water,2616,5720
red-blue-yellow,route-20,water,2632,5544
red-blue-yellow,route-20,water,2648,5592
red-blue-yellow,route-20,water,2680,5656
red-blue-yellow,route-21,grass,936,4104
red-blue-yellow,route-21,grass,936,4184
red-blue-yellow,route-21,grass,968,4152
red-blue-yellow,route-21,grass,1016,4104
red-blue-yellow,route-21,grass,1016,4184
red-blue-yellow,route-21,water,856,4552
red-blue-yellow,route-21,water,856,4696
red-blue-yellow,route-21,water,856,4824
red-blue-yellow,route-21,water,856,5016
red-blue-yellow,route-21,water,856,5240
red-blue-yellow,route-21,water,872,4296
red-blue-yellow,route-21,water,872,4744
red-blue-yellow,route-21,water,872,4920
red-blue-yellow,route-21,water,872,5384
red-blue-yellow,route-21,water,888,4600
red-blue-yellow,route-21,water,904,4232
red-blue-yellow,route-21,water,904,4504
red-blue-yellow,route-21,water,904,4664
red-blue-yellow,route-21,water,920,4344
red-blue-yellow,route-21,water,920,5080
red-blue-yellow,route-21,water,936,4872
red-blue-yellow,route-21,water,936,4968
red-blue-yellow,route-21,water,952,4712
red-blue-yellow,route-21,water,968,4248
red-blue-yellow,route-21,water,968,4456
red-blue-yellow,route-21,water,968,5304
red-blue-yellow,route-21,water,968,5416
red-blue-yellow,route-21,water,984,4616
red-blue-yellow,route-21,water,984,4792
red-blue-yellow,route-21,water,984,5192
red-blue-yellow,route-21,water,1000,4888
red-blue-yellow,route-21,water,1000,5096
red-blue-yellow,route-21,water,1032,4328
red-blue-yellow,route-21,water,1032,4760
red-blue-yellow,route-21,water,1048,5352
red-blue-yellow,route-21,water,1080,4456
red-blue-yellow,route-21,water,1080,4552
red-blue-yellow,route-21,water,1080,4680
red-blue-yellow,route-21,water,1080,4872
red-blue-yellow,route-22,grass,264,2904
red-blue-yellow,route-22,grass,280,2856
red-blue-yellow,route-22,grass,296,2888
red-blue-yellow,route-22,grass,328,2856
red-blue-yellow,route-22,grass,344,2904
red-blue-yellow,route-22,grass,504,2856
red-blue-yellow,route-22,grass,520,2904
red-blue-yellow,route-22,water,376,2824
red-blue-yellow,route-22,water,376,2872
red-blue-yellow,route-22,water,392,2840
red-blue-yellow,route-22,water,408,2872
red-blue-yellow,route-23,water,24,1672
red-blue-yellow,route-23,water,24,1720
red-blue-yellow,route-23,water,24,1912
red-blue-yellow,route-23,water,40,2040
red-blue-yellow,route-23,water,72,1672
red-blue-yellow,route-23,water,72,1768
red-blue-yellow,route-23,water,72,1928
red-blue-yellow,route-23,water,88,2056
red-blue-yellow,route-23,water,104,1592
red-blue-yellow,route-23,water,104,1720
red-blue-yellow,route-23,water,104,1832
red-blue-yellow,route-23,water,136,1640
red-blue-yellow,route-23,water,152,1928
red-blue-yellow,route-23,water,152,2024
red-blue-yellow,route-23,water,168,1832
red-blue-yellow,route-23,water,184,1688
red-blue-yellow,route-23,water,200,1592
red-blue-yellow,route-23,water,200,1896
red-blue-yellow,route-23,water,216,1640
red-blue-yellow,route-23,water,216,1784
red-blue-yellow,route-23,water,216,1832
red-blue-yellow,route-23,water,232,2040
red-blue-yellow,route-23,water,296,2040
red-blue-yellow,route-24,grass,3752,296
red-blue-yellow,route-24,grass,3752,408
red-blue-yellow,route-24,grass,3752,504
red-blue-yellow,route-24,grass,3768,360
red-blue-yellow,route-24,grass,3768,456
red-blue-yellow,route-24,water,3768,552
red-blue-yellow,route-24,water,3800,312
red-blue-yellow,route-24,water,3800,360
red-blue-yellow,route-24,water,3800,408
red-blue-yellow,route-24,water,3800,536
red-blue-yellow,route-24,water,3816,456
red-blue-yellow,route-25,grass,4040,72
red-blue-yellow,route-25,grass,4056,88
red-blue-yellow,route-25,grass,4072,72
red-blue-yellow,route-25,grass,4072,88
red-blue-yellow,route-25,grass,4088,72
red-blue-yellow,route-25,grass,4104,88
red-blue-yellow,route-25,grass,4120,72
red-blue-yellow,route-25,water,4632,136
red-blue-yellow,route-25,water,4632,184
red-blue-yellow,route-25,water,4680,184
red-blue-yellow,route-25,water,4696,136
red-blue-yellow,route-25,water,4792,152
red-blue-yellow,route-25,water,4808,184
red-blue-yellow,route-25,water,4840,152
red-blue-yellow,route-3,grass,1672,1176
red-blue-yellow,route-3,grass,1720,1192
red-blue-yellow,route-3,grass,1784,1192
red-blue-yellow,route-3,grass,1864,1192
red-blue-yellow,route-3,grass,2248,1192
red-blue-yellow,route-3,grass,2264,1144
red-blue-yellow,route-3,grass,2312,1144
red-blue-yellow,route-3,grass,2312,1192
red-blue-yellow,route-4,grass,3128,888
red-blue-yellow,route-4,grass,3128,936
red-blue-yellow,route-4,grass,3176,888
red-blue-yellow,route-4,grass,3176,936
red-blue-yellow,route-4,grass,3240,888
red-blue-yellow,route-4,grass,3240,936
red-blue-yellow,route-6,grass,3704,2600
red-blue-yellow,route-6,grass,3720,2664
red-blue-yellow,route-6,grass,3768,2664
red-blue-yellow,route-6,grass,3800,2536
red-blue-yellow,route-6,grass,3800,2600
red-blue-yellow,route-6,grass,3848,2600
red-blue-yellow,route-6,grass,3864,2552
red-blue-yellow,route-6,grass,3912,2584
red-blue-yellow,route-6,grass,3912,2680
red-blue-yellow,route-6,grass,3912,2728
red-blue-yellow,route-6,grass,3912,2792
red-blue-yellow,route-6,grass,3960,2584
red-blue-yellow,route-6,grass,3976,2632
red-blue-yellow,route-6,grass,3976,2680
red-blue-yellow,route-6,grass,3976,2792
red-blue-yellow,route-6,water,3704,2712
red-blue-yellow,route-6,water,3752,2728
red-blue-yellow,route-6,water,3816,2712
red-blue-yellow,route-6,water,3848,2744
red-blue-yellow,route-6,water,3880,2712
red-blue-yellow,route-7,grass,3336,1896
red-blue-yellow,route-7,grass,3336,1944
red-blue-yellow,route-7,grass,3384,1912
red-blue-yellow,route-7,grass,3416,1944
red-blue-yellow,route-7,grass,3448,1896
red-blue-yellow,route-8,grass,4680,1992
red-blue-yellow,route-8,grass,4680,2024
red-blue-yellow,route-8,grass,4680,2072
red-blue-yellow,route-8,grass,4712,2056
red-blue-yellow,route-8,grass,4744,1992
red-blue-yellow,route-8,grass,4744,2024
red-blue-yellow,route-8,grass,4760,2072
red-blue-yellow,route-9,grass,4280,760
red-blue-yellow,route-9,grass,4328,760
red-blue-yellow,route-9,grass,4360,776
red-blue-yellow,route-9,grass,4392,760
red-blue-yellow,route-9,grass,4664,760
red-blue-yellow,safari-zone-center,water,664,760
red-blue-yellow,safari-zone-center,water,664,792
red-blue-yellow,safari-zone-center,water,664,824
red-blue-yellow,safari-zone-center,water,680,808
red-blue-yellow,safari-zone-center,water,696,760
red-blue-yellow,safari-zone-center,water,744,760
red-blue-yellow,safari-zone-center,water,760,824
red-blue-yellow,safari-zone-center,water,808,824
red-blue-yellow,safari-zone-center,water,824,760
red-blue-yellow,safari-zone-center,water,840,776
red-blue-yellow,safari-zone-center,water,840,808
red-blue-yellow,safari-zone-east,grass,1128,648
red-blue-yellow,safari-zone-east,grass,1144,568
red-blue-yellow,safari-zone-east,grass,1192,600
red-blue-yellow,safari-zone-east,grass,1224,456
red-blue-yellow,safari-zone-east,grass,1240,568
red-blue-yellow,safari-zone-east,grass,1256,632
red-blue-yellow,safari-zone-east,grass,1272,456
red-blue-yellow,safari-zone-east,grass,1336,456
red-blue-yellow,safari-zone-east,grass,1352,808
red-blue-yellow,safari-zone-east,grass,1384,440
red-blue-yellow,safari-zone-east,grass,1416,792
red-blue-yellow,safari-zone-east,grass,1432,456
red-blue-yellow,safari-zone-east,grass,1448,504
red-blue-yellow,safari-zone-east,grass,1464,792
red-blue-yellow,safari-zone-east,grass,1480,456
red-blue-yellow,safari-zone-east,grass,1496,520
red-blue-yellow,safari-zone-east,grass,1512,776
red-blue-yellow,safari-zone-east,grass,1528,472
red-blue-yellow,safari-zone-east,water,1288,696
red-blue-yellow,safari-zone-east,water,1304,600
red-blue-yellow,safari-zone-east,water,1304,664
red-blue-yellow,safari-zone-east,water,1336,696
red-blue-yellow,safari-zone-east,water,1368,600
red-blue-yellow,safari-zone-east,water,1368,648
red-blue-yellow,safari-zone-east,water,1384,680
red-blue-yellow,safari-zone-north,grass,472,136
red-blue-yellow,safari-zone-north,grass,488,56
red-blue-yellow,safari-zone-north,grass,520,104
red-blue-yellow,safari-zone-north,grass,520,392
red-blue-yellow,safari-zone-north,grass,520,456
red-blue-yellow,safari-zone-north,grass,536,56
red-blue-yellow,safari-zone-north,grass,568,120
red-blue-yellow,safari-zone-north,grass,568,264
red-blue-yellow,safari-zone-north,grass,616,248
red-blue-yellow,safari-zone-north,grass,616,360
red-blue-yellow,safari-zone-north,grass,632,184
red-blue-yellow,safari-zone-north,grass,632,424
red-blue-yellow,safari-zone-north,grass,664,232
red-blue-yellow,safari-zone-north,grass,744,392
red-blue-yellow,safari-zone-north,grass,744,440
red-blue-yellow,safari-zone-north,grass,760,488
red-blue-yellow,safari-zone-north,grass,776,536
red-blue-yellow,safari-zone-north,grass,792,392
red-blue-yellow,safari-zone-north,grass,792,440
red-blue-yellow,safari-zone-north,grass,840,520
red-blue-yellow,safari-zone-north,grass,888,88
red-blue-yellow,safari-zone-north,grass,904,40
red-blue-yellow,safari-zone-north,grass,936,120
red-blue-yellow,safari-zone-north,grass,952,40
red-blue-yellow,safari-zone-north,grass,952,168
red-blue-yellow,safari-zone-north,water,504,264
red-blue-yellow,safari-zone-north,water,520,296
red-blue-yellow,safari-zone-north,water,568,152
red-blue-yellow,safari-zone-north,water,568,216
red-blue-yellow,safari-zone-north,water,568,408
red-blue-yellow,safari-zone-north,water,584,184
red-blue-yellow,safari-zone-north,water,584,456
red-blue-yellow,safari-zone-west,grass,56,904
red-blue-yellow,safari-zone-west,grass,72,952
red-blue-yellow,safari-zone-west,grass,104,984
red-blue-yellow,safari-zone-west,grass,168,968
red-blue-yellow,safari-zone-west,grass,216,968
red-blue-yellow,safari-zone-west,grass,264,952
red-blue-yellow,safari-zone-west,water,56,792
red-blue-yellow,safari-zone-west,water,56,824
red-blue-yellow,safari-zone-west,water,88,792
red-blue-yellow,safari-zone-west,water,104,792
red-blue-yellow,safari-zone-west,water,104,824
red-blue-yellow,safari-zone-west,water,136,792
red-blue-yellow,safari-zone-west,water,136,808
red-blue-yellow,seafoam-islands-1f,floor,56,200
red-blue-yellow,seafoam-islands-1f,floor,72,56
red-blue-yellow,seafoam-islands-1f,floor,72,104
red-blue-yellow,seafoam-islands-1f,floor,88,152
red-blue-yellow,seafoam-islands-1f,floor,88,232
red-blue-yellow,seafoam-islands-1f,floor,152,168
red-blue-yellow,seafoam-islands-1f,floor,152,232
red-blue-yellow,seafoam-islands-1f,floor,168,104
red-blue-yellow,seafoam-islands-1f,floor,184,56
red-blue-yellow,seafoam-islands-1f,floor,216,232
red-blue-yellow,seafoam-islands-1f,floor,232,120
red-blue-yellow,seafoam-islands-1f,floor,232,168
red-blue-yellow,seafoam-islands-1f,floor,280,216
red-blue-yellow,seafoam-islands-1f,floor,312,56
red-blue-yellow,seafoam-islands-1f,floor,360,104
red-blue-yellow,seafoam-islands-1f,floor,360,216
red-blue-yellow,seafoam-islands-1f,floor,424,168
red-blue-yellow,seafoam-islands-1f,floor,424,216
red-blue-yellow,seafoam-islands-b1f,floor,40,120
red-blue-yellow,seafoam-islands-b1f,floor,56,72
red-blue-yellow,seafoam-islands-b1f,floor,56,216
red-blue-yellow,seafoam-islands-b1f,floor,72,168
red-blue-yellow,seafoam-islands-b1f,floor,88,120
red-blue-yellow,seafoam-islands-b1f,floor,104,216
red-blue-yellow,seafoam-islands-b1f,floor,152,56
red-blue-yellow,seafoam-islands-b1f,floor,152,168
red-blue-yellow,seafoam-islands-b1f,floor,168,232
red-blue-yellow,seafoam-islands-b1f,floor,200,24
red-blue-yellow,seafoam-islands-b1f,floor,200,168
red-blue-yellow,seafoam-islands-b1f,floor,248,184
red-blue-yellow,seafoam-islands-b1f,floor,264,24
red-blue-yellow,seafoam-islands-b1f,floor,264,232
red-blue-yellow,seafoam-islands-b1f,floor,296,72
red-blue-yellow,seafoam-islands-b1f,floor,296,136
red-blue-yellow,seafoam-islands-b1f,floor,344,136
red-blue-yellow,seafoam-islands-b1f,floor,344,216
red-blue-yellow,seafoam-islands-b1f,floor,376,72
red-blue-yellow,seafoam-islands-b1f,floor,376,168
red-blue-yellow,seafoam-islands-b1f,floor,424,216
red-blue-yellow,seafoam-islands-b1f,floor,440,120
red-blue-yellow,seafoam-islands-b2f,floor,56,216
red-blue-yellow,seafoam-islands-b2f,floor,72,88
red-blue-yellow,seafoam-islands-b2f,floor,72,136
red-blue-yellow,seafoam-islands-b2f,floor,136,104
red-blue-yellow,seafoam-islands-b2f,floor,152,152
red-blue-yellow,seafoam-islands-b2f,floor,152,216
red-blue-yellow,seafoam-islands-b2f,floor,184,56
red-blue-yellow,seafoam-islands-b2f,floor,200,216
red-blue-yellow,seafoam-islands-b2f,floor,216,104
red-blue-yellow,seafoam-islands-b2f,floor,232,152
red-blue-yellow,seafoam-islands-b2f,floor,264,56
red-blue-yellow,seafoam-islands-b2f,floor,280,136
red-blue-yellow,seafoam-islands-b2f,floor,296,184
red-blue-yellow,seafoam-islands-b2f,floor,328,56
red-blue-yellow,seafoam-islands-b2f,floor,328,136
red-blue-yellow,seafoam-islands-b2f,floor,376,152
red-blue-yellow,seafoam-islands-b2f,floor,376,200
red-blue-yellow,seafoam-islands-b2f,floor,424,120
red-blue-yellow,seafoam-islands-b3f,floor,24,88
red-blue-yellow,seafoam-islands-b3f,floor,24,264
red-blue-yellow,seafoam-islands-b3f,floor,40,24
red-blue-yellow,seafoam-islands-b3f,floor,40,136
red-blue-yellow,seafoam-islands-b3f,floor,72,184
red-blue-yellow,seafoam-islands-b3f,floor,88,24
red-blue-yellow,seafoam-islands-b3f,floor,88,136
red-blue-yellow,seafoam-islands-b3f,floor,136,24
red-blue-yellow,seafoam-islands-b3f,floor,184,136
red-blue-yellow,seafoam-islands-b3f,floor,200,216
red-blue-yellow,seafoam-islands-b3f,floor,232,88
red-blue-yellow,seafoam-islands-b3f,floor,248,216
red-blue-yellow,seafoam-islands-b3f,floor,264,264
red-blue-yellow,seafoam-islands-b3f,floor,296,216
red-blue-yellow,seafoam-islands-b3f,floor,344,24
red-blue-yellow,seafoam-islands-b3f,floor,344,120
red-blue-yellow,seafoam-islands-b3f,floor,360,56
red-blue-yellow,seafoam-islands-b3f,floor,376,216
red-blue-yellow,seafoam-islands-b3f,floor,440,24
red-blue-yellow,seafoam-islands-b3f,floor,440,120
red-blue-yellow,seafoam-islands-b3f,floor,440,168
red-blue-yellow,seafoam-islands-b3f,water,200,40
red-blue-yellow,seafoam-islands-b3f,water,248,40
red-blue-yellow,seafoam-islands-b3f,water,248,152
red-blue-yellow,seafoam-islands-b3f,water,296,56
red-blue-yellow,seafoam-islands-b3f,water,296,168
red-blue-yellow,seafoam-islands-b3f,water,344,184
red-blue-yellow,seafoam-islands-b3f,water,344,232
red-blue-yellow,seafoam-islands-b4f,floor,136,104
red-blue-yellow,seafoam-islands-b4f,floor,136,152
red-blue-yellow,seafoam-islands-b4f,floor,232,152
red-blue-yellow,seafoam-islands-b4f,floor,232,232
red-blue-yellow,seafoam-islands-b4f,floor,248,104
red-blue-yellow,seafoam-islands-b4f,floor,264,8
red-blue-yellow,seafoam-islands-b4f,floor,264,56
red-blue-yellow,seafoam-islands-b4f,floor,280,248
red-blue-yellow,seafoam-islands-b4f,floor,328,24
red-blue-yellow,seafoam-islands-b4f,floor,328,72
red-blue-yellow,seafoam-islands-b4f,floor,408,8
red-blue-yellow,seafoam-islands-b4f,water,40,216
red-blue-yellow,seafoam-islands-b4f,water,72,120
red-blue-yellow,seafoam-islands-b4f,water,152,200
red-blue-yellow,seafoam-islands-b4f,water,200,72
red-blue-yellow,seafoam-islands-b4f,water,216,24
red-blue-yellow,seafoam-islands-b4f,water,312,184
red-blue-yellow,seafoam-islands-b4f,water,328,136
red-blue-yellow,seafoam-islands-b4f,water,344,232
red-blue-yellow,seafoam-islands-b4f,water,408,136
red-blue-yellow,seafoam-islands-b4f,water,424,184
red-blue-yellow,vermilion-city,water,3576,3000
red-blue-yellow,vermilion-city,water,3576,3096
red-blue-yellow,vermilion-city,water,3576,3208
red-blue-yellow,vermilion-city,water,3592,3336
red-blue-yellow,vermilion-city,water,3624,3032
red-blue-yellow,vermilion-city,water,3688,3304
red-blue-yellow,vermilion-city,water,3752,3336
red-blue-yellow,vermilion-city,water,3816,3224
red-blue-yellow,vermilion-city,water,3816,3272
red-blue-yellow,vermilion-city,water,3880,3272
red-blue-yellow,vermilion-city,water,3944,3352
red-blue-yellow,vermilion-city,water,3960,3208
red-blue-yellow,vermilion-city,water,3960,3272
red-blue-yellow,vermilion-city,water,4056,3336
red-blue-yellow,vermilion-city,water,4072,3192
red-blue-yellow,vermilion-dock,water,40,56
red-blue-yellow,vermilion-dock,water,40,104
red-blue-yellow,vermilion-dock,water,40,152
red-blue-yellow,vermilion-dock,water,88,72
red-blue-yellow,vermilion-dock,water,104,120
red-blue-yellow,vermilion-dock,water,104,168
red-blue-yellow,vermilion-dock,water,136,56
red-blue-yellow,vermilion-dock,water,152,104
red-blue-yellow,vermilion-dock,water,184,152
red-blue-yellow,vermilion-dock,water,232,168
red-blue-yellow,vermilion-dock,water,248,120
red-blue-yellow,vermilion-dock,water,280,168
red-blue-yellow,vermilion-dock,water,312,56
red-blue-yellow,vermilion-dock,water,328,152
red-blue-yellow,vermilion-dock,water,344,104
red-blue-yellow,vermilion-dock,water,360,56
red-blue-yellow,vermilion-dock,water,392,152
red-blue-yellow,victory-road-1f,floor,40,72
red-blue-yellow,victory-road-1f,floor,40,216
red-blue-yellow,victory-road-1f,floor,56,136
red-blue-yellow,victory-road-1f,floor,104,184
red-blue-yellow,victory-road-1f,floor,136,248
red-blue-yellow,victory-road-1f,floor,152,88
red-blue-yellow,victory-road-1f,floor,152,152
red-blue-yellow,victory-road-1f,floor,200,56
red-blue-yellow,victory-road-1f,floor,200,104
red-blue-yellow,victory-road-1f,floor,200,200
red-blue-yellow,victory-road-1f,floor,216,248
red-blue-yellow,victory-road-1f,floor,248,88
red-blue-yellow,victory-road-1f,floor,264,40
red-blue-yellow,victory-road-1f,floor,296,136
red-blue-yellow,victory-road-2f,floor,24,104
red-blue-yellow,victory-road-2f,floor,40,168
red-blue-yellow,victory-road-2f,floor,56,264
red-blue-yellow,victory-road-2f,floor,104,216
red-blue-yellow,victory-road-2f,floor,152,136
red-blue-yellow,victory-road-2f,floor,168,40
red-blue-yellow,victory-road-2f,floor,184,264
red-blue-yellow,victory-road-2f,floor,232,200
red-blue-yellow,victory-road-2f,floor,248,104
red-blue-yellow,victory-road-2f,floor,264,24
red-blue-yellow,victory-road-2f,floor,280,72
red-blue-yellow,victory-road-2f,floor,296,216
red-blue-yellow,victory-road-2f,floor,312,24
red-blue-yellow,victory-road-2f,floor,312,264
red-blue-yellow,victory-road-2f,floor,344,104
red-blue-yellow,victory-road-2f,floor,344,168
red-blue-yellow,victory-road-2f,floor,360,24
red-blue-yellow,victory-road-2f,floor,392,200
red-blue-yellow,victory-road-2f,floor,456,24
red-blue-yellow,victory-road-2f,floor,456,280
red-blue-yellow,victory-road-3f,floor,24,72
red-blue-yellow,victory-road-3f,floor,40,136
red-blue-yellow,victory-road-3f,floor,40,200
red-blue-yellow,victory-road-3f,floor,40,248
red-blue-yellow,victory-road-3f,floor,56,24
red-blue-yellow,victory-road-3f,floor,88,152
red-blue-yellow,victory-road-3f,floor,104,56
red-blue-yellow,victory-road-3f,floor,152,152
red-blue-yellow,victory-road-3f,floor,152,248
red-blue-yellow,victory-road-3f,floor,168,8
red-blue-yellow,victory-road-3f,floor,168,56
red-blue-yellow,victory-road-3f,floor,168,104
red-blue-yellow,victory-road-3f,floor,168,216
red-blue-yellow,victory-road-3f,floor,216,152
red-blue-yellow,victory-road-3f,floor,232,232
red-blue-yellow,victory-road-3f,floor,264,24
red-blue-yellow,victory-road-3f,floor,264,120
red-blue-yellow,victory-road-3f,floor,264,168
red-blue-yellow,victory-road-3f,floor,280,56
red-blue-yellow,victory-road-3f,floor,280,232
red-blue-yellow,victory-road-3f,floor,312,168
red-blue-yellow,victory-road-3f,floor,328,24
red-blue-yellow,victory-road-3f,floor,328,248
red-blue-yellow,victory-road-3f,floor,360,104
red-blue-yellow,victory-road-3f,floor,360,200
red-blue-yellow,victory-road-3f,floor,376,8
red-blue-yellow,victory-road-3f,floor,424,24
red-blue-yellow,victory-road-3f,floor,424,200
red-blue-yellow,victory-road-3f,floor,440,136
red-blue-yellow,viridian-city,water,792,3000
red-blue-yellow,viridian-city,water,792,3032
red-blue-yellow,viridian-city,water,840,3000
red-blue-yellow,viridian-city,water,840,3032
red-blue-yellow,viridian-forest,grass,24,248
red-blue-yellow,viridian-forest,grass,40,120
red-blue-yellow,viridian-forest,grass,40,360
red-blue-yellow,viridian-forest,grass,56,680
red-blue-yellow,viridian-forest,grass,88,504
red-blue-yellow,viridian-forest,grass,120,152
red-blue-yellow,viridian-forest,grass,120,296
red-blue-yellow,viridian-forest,grass,120,376
red-blue-yellow,viridian-forest,grass,136,488
red-blue-yellow,viridian-forest,grass,152,536
red-blue-yellow,viridian-forest,grass,152,648
red-blue-yellow,viridian-forest,grass,200,136
red-blue-yellow,viridian-forest,grass,200,184
red-blue-yellow,viridian-forest,grass,200,264
red-blue-yellow,viridian-forest,grass,232,536
red-blue-yellow,viridian-forest,grass,232,648
red-blue-yellow,viridian-forest,grass,280,120
red-blue-yellow,viridian-forest,grass,280,168
red-blue-yellow,viridian-forest,grass,280,248
red-blue-yellow,viridian-forest,grass,296,584
red-blue-yellow,viridian-forest,grass,312,648
red-blue-yellow,viridian-forest,grass,328,136
red-blue-yellow,viridian-forest,grass,360,648
red-blue-yellow,viridian-forest,grass,376,152
red-blue-yellow,viridian-forest,grass,424,344
red-blue-yellow,viridian-forest,grass,424,392
red-blue-yellow,viridian-forest,grass,424,456
red-blue-yellow,viridian-forest,grass,424,504
red-blue-yellow,viridian-forest,grass,488,680
red-blue-yellow,viridian-forest,grass,504,184
red-blue-yellow,viridian-forest,grass,504,248
