family,text,name_fr
gold-silver-crystal,GOLDENRODCITY_MOVETUTOR,Tuteur de capacités
gold-silver-crystal,RADIOTOWER2F_BUENA,Buena
gold-silver-crystal,DRAGONSHRINE_ELDER1,Maître du Sanctuaire du Dragon
red-blue-yellow,TEXT_NAMERATERSHOUSE_NAME_RATER,Expert en surnoms
red-blue-yellow,TEXT_BILLSHOUSE_BILL_SS_TICKET,Léo
gold-silver-crystal,BURNEDTOWERB1F_RAIKOU1,Raikou
gold-silver-crystal,BURNEDTOWERB1F_ENTEI1,Entei
gold-silver-crystal,BURNEDTOWERB1F_SUICUNE1,Suicune
gold-silver-crystal,GOLDENRODNAMERATER_NAME_RATER,Expert en surnoms
gold-silver-crystal,LAVENDERNAMERATER_NAME_RATER,Expert en surnoms
gold-silver-crystal,MOVEDELETERSHOUSE_SUPER_NERD,Effaceur de capacités
gold-silver-crystal,BILLSHOUSE_GRAMPS,Grand-père de Léo
gold-silver-crystal,DAYCARE_GRAMPS,Gérant de la Pension
gold-silver-crystal,ROUTE34_GRAMPS,Gérant de la Pension
gold-silver-crystal,DAYCARE_GRANNY,Gérante de la Pension
gold-silver-crystal,GOLDENRODUNDERGROUND_OLDER_HAIRCUT_BROTHER,Coiffeur aîné
gold-silver-crystal,GOLDENRODUNDERGROUND_YOUNGER_HAIRCUT_BROTHER,Coiffeur cadet
gold-silver-crystal,MRPOKEMONSHOUSE_GENTLEMAN,M. Pokémon
gold-silver-crystal,ELMSLAB_ELMS_AIDE,Assistant du Prof. Orme
gold-silver-crystal,VIOLETPOKECENTER1F_ELMS_AIDE,Assistant du Prof. Orme
gold-silver-crystal,POWERPLANT_MANAGER,Directeur de la Centrale
gold-silver-crystal,ElmsLabHealingMachine,Machine de soins
gold-silver-crystal,FastShipBed,Lit
gold-silver-crystal,COPYCATSHOUSE2F_FAIRYDOLL,Poupée Mélofée
gold-silver-crystal,COPYCATSHOUSE2F_MONSTERDOLL,Poupée
gold-silver-crystal,COPYCATSHOUSE2F_BIRDDOLL,Poupée
gold-silver-crystal,POKEMONFANCLUB_FAIRY,Poupée Mélofée
gold-silver-crystal,MOUNTMOONSQUARE_FAIRY1,Mélofée
gold-silver-crystal,MOUNTMOONSQUARE_FAIRY2,Mélofée
gold-silver-crystal,ROUTE30_MONSTER1,Rattata
gold-silver-crystal,ROUTE30_MONSTER2,Rattata
gold-silver-crystal,TEAMROCKETBASEB3F_MOLTRES,Cornèbre
gold-silver-crystal,CINNABARISLAND_BLUE,Blue
gold-silver-crystal,RADIOTOWER2F_RECEPTIONIST,Récompenses de Buena
gold-silver-crystal,BATTLETOWER1F_RECEPTIONIST,Réceptionniste de la Tour de Combat
