text,reason
TEXT_PALLETTOWN_OAK,"Le Prof. Chen ne sort que pour arrêter le joueur devant les hautes herbes : on lui parle dans son labo"
TEXT_OAKSLAB_OAK2,"Prof. Chen à l'entrée du labo pendant la scène d'arrivée : il donne le Pokémon de départ au fond du labo"
TEXT_VIRIDIANCITY_OLD_MAN_SLEEPY,"Le vieil homme couché qui bloque la route est celui qui montre ensuite comment capturer un Pokémon"
TEXT_VIRIDIANCITY_OLD_MAN2,"Jaune : le vieil homme pendant la démonstration de capture, puis au même endroit que dans Rouge et Bleu"
TEXT_BLUESHOUSE_DAISY_WALKING,"La sœur du rival debout après la Ligue : c'est assise qu'elle donne la Carte"
TEXT_BILLSHOUSE_BILL_POKEMON,"Léo changé en Pokémon : on lui parle ensuite redevenu humain, quand il donne le Passe Bateau"
TEXT_BILLSHOUSE_BILL_CHECK_OUT_MY_RARE_POKEMON,"Léo à côté de sa machine après le don du Passe Bateau"
TEXT_CERULEANCITY_GUARD1,"Le garde de la maison cambriolée, décalé d'une case après la visite chez Léo"
TEXT_ROUTE22_RIVAL2,"Le rival au même endroit pour le second combat de la Route 22"
TEXT_SAFFRONCITY_ROCKET9,"Rouge et Bleu : sbire jamais affiché, à côté du garde de Sylphe SARL"
TEXT_POKEMONTOWER7F_MR_FUJI,"M. Fuji délivré en haut de la Tour Pokémon : il donne la Pokéflûte chez lui, dans le même village"
