repos,flag,when_set,when_clear,reason
pokeyellow,BIT_THUNDERBADGE,Après le badge Foudre,Avant le badge Foudre,"Bit du badge Foudre de wObtainedBadges, levé par la victoire à l'arène de Carmin sur Mer (scripts/VermilionGym.asm)"
pokegold|pokecrystal,ENGINE_DAILY_BUG_CONTEST,Après le Concours de capture du jour,,"Drapeau du jour levé à la fin du Concours (engine/events/std_scripts.asm, BugContestResultsScript) : l'agent remet alors les lots"
pokecrystal,ENGINE_DAILY_MOVE_TUTOR,,,Drapeau du jour levé après une leçon du tuteur (maps/GoldenrodCity.asm) : il revient le mercredi ou le samedi suivant
pokegold|pokecrystal,ENGINE_DAY_CARE_MAN_HAS_EGG,,,État de la pension : levé quand le vieil homme garde un Œuf (maps/Route34.asm)
pokegold|pokecrystal,ENGINE_GOLDENROD_UNDERGROUND_MERCHANT_CLOSED,,,Drapeau du jour (DAILYFLAGS1_GOLDENROD_UNDERGROUND_BARGAIN_F) levé par le moteur après un achat au marchand de soldes (engine/items/mart.asm)
pokegold|pokecrystal,ENGINE_PLAINBADGE,Après le badge Plaine,Avant le badge Plaine,Levé à l'arène de Doublonville (maps/GoldenrodGym.asm)
pokecrystal,ENGINE_PLAYER_IS_FEMALE,,,"Apparence choisie au début de Cristal : Copieuse imite le joueur ou la joueuse (maps/CopycatsHouse2F.asm), ce n'est pas une étape"
pokegold|pokecrystal,ENGINE_RISINGBADGE,Après le badge Lever,Avant le badge Lever,"Levé à l'Antre du Dragon dans Or et Argent (maps/DragonsDenB1F.asm), au Sanctuaire du Dragon dans Cristal (maps/DragonShrine.asm)"
pokecrystal,ENGINE_ROCKETS_IN_RADIO_TOWER,Pendant l'occupation de la Tour Radio,Hors de l'occupation de la Tour Radio,"Levé quand la Team Rocket prend la Tour Radio (engine/events/std_scripts.asm, RadioTowerRocketsScript), baissé à sa libération (maps/RadioTower5F.asm)"
pokegold|pokecrystal,ENGINE_TIME_CAPSULE,,,Drapeau du jour (wDailyFlags1) levé par Léo au Centre Pokémon de Rosalia (maps/EcruteakPokecenter1F.asm)
pokegold|pokecrystal,ENGINE_ZEPHYRBADGE,Après le badge Zéphyr,Avant le badge Zéphyr,Levé à l'arène de Mauville (maps/VioletGym.asm)
pokered|pokeyellow,EVENT_BEAT_CERULEAN_ROCKET_THIEF,,,"Levé par la victoire contre le voleur Rocket d'Azuria (scripts/CeruleanCity.asm) : c'est lui qui donne ensuite la CT28, son combat n'est pas une étape à part"
pokegold|pokecrystal,EVENT_BEAT_CHUCK,Après la victoire contre Chuck,Avant la victoire contre Chuck,Levé à l'arène d'Irisia (maps/CianwoodGym.asm)
pokegold|pokecrystal,EVENT_BEAT_ELITE_FOUR,Après la victoire à la Ligue Pokémon,Avant la victoire à la Ligue Pokémon,Levé au Panthéon (maps/HallOfFame.asm)
pokegold|pokecrystal,EVENT_BEAT_KIMONO_GIRL_KUNI,Après la victoire contre les cinq Kimono du Théâtre de danse,Avant la victoire contre les cinq Kimono du Théâtre de danse,"Levé par la victoire contre cette Kimono (macro trainer, maps/DanceTheater.asm) ; le gentleman ne donne la CS03 qu'une fois les cinq battues"
pokegold|pokecrystal,EVENT_BEAT_KIMONO_GIRL_MIKI,Après la victoire contre les cinq Kimono du Théâtre de danse,Avant la victoire contre les cinq Kimono du Théâtre de danse,"Levé par la victoire contre cette Kimono (macro trainer, maps/DanceTheater.asm) ; le gentleman ne donne la CS03 qu'une fois les cinq battues"
pokegold|pokecrystal,EVENT_BEAT_KIMONO_GIRL_NAOKO,Après la victoire contre les cinq Kimono du Théâtre de danse,Avant la victoire contre les cinq Kimono du Théâtre de danse,"Levé par la victoire contre cette Kimono (macro trainer, maps/DanceTheater.asm) ; le gentleman ne donne la CS03 qu'une fois les cinq battues"
pokegold|pokecrystal,EVENT_BEAT_KIMONO_GIRL_SAYO,Après la victoire contre les cinq Kimono du Théâtre de danse,Avant la victoire contre les cinq Kimono du Théâtre de danse,"Levé par la victoire contre cette Kimono (macro trainer, maps/DanceTheater.asm) ; le gentleman ne donne la CS03 qu'une fois les cinq battues"
pokegold|pokecrystal,EVENT_BEAT_KIMONO_GIRL_ZUKI,Après la victoire contre les cinq Kimono du Théâtre de danse,Avant la victoire contre les cinq Kimono du Théâtre de danse,"Levé par la victoire contre cette Kimono (macro trainer, maps/DanceTheater.asm) ; le gentleman ne donne la CS03 qu'une fois les cinq battues"
pokered|pokeyellow,EVENT_BEAT_ROUTE22_RIVAL_1ST_BATTLE,Après le premier combat contre le rival sur la Route 22,Avant le premier combat contre le rival sur la Route 22,"Levé à la fin du combat (scripts/Route22.asm) ; le Prof. Chen ne redonne des Poké Balls qu'ensuite, au joueur qui n'en a plus (scripts/OaksLab.asm)"
pokered|pokeyellow,EVENT_BEAT_SILPH_CO_GIOVANNI,Après la victoire contre Giovanni à Sylphe SARL,Avant la victoire contre Giovanni à Sylphe SARL,Levé à Sylphe SARL (scripts/SilphCo11F.asm) ; l'infirmière du 8e étage ne soigne qu'avant (scripts/SilphCo9F.asm)
pokegold|pokecrystal,EVENT_CHARCOAL_KILN_APPRENTICE,,,"Levé au Puits Ramoloss, baissé au Bois aux Chênes (maps/SlowpokeWellB1F.asm, maps/IlexForest.asm) : l'apprenti part chercher le Canarticho, et son Charbon exige déjà la CS01 reçue à son retour"
pokegold|pokecrystal,EVENT_CHIKORITA_POKEBALL_IN_ELMS_LAB,,,Levé chez M. Pokémon pour la Poké Ball que vole le rival (maps/MrPokemonsHouse.asm) : le Pokémon de départ est choisi avant
pokegold|pokecrystal,EVENT_CLEARED_RADIO_TOWER,Après la libération de la Tour Radio,Avant la libération de la Tour Radio,Levé au 4e étage de la Tour Radio (maps/RadioTower5F.asm)
pokegold|pokecrystal,EVENT_CLEARED_ROCKET_HIDEOUT,Après la libération du Repaire Rocket d'Acajou,Avant la libération du Repaire Rocket d'Acajou,Levé au 2e sous-sol du repaire (maps/TeamRocketBaseB2F.asm)
pokegold|pokecrystal,EVENT_CYNDAQUIL_POKEBALL_IN_ELMS_LAB,,,Levé chez M. Pokémon pour la Poké Ball que vole le rival (maps/MrPokemonsHouse.asm) : le Pokémon de départ est choisi avant
pokegold|pokecrystal,EVENT_DAY_CARE_MAN_IN_DAY_CARE,,,"Le vieil homme de la pension sort sur la Route 34 quand il garde un Œuf (maps/DayCare.asm, maps/Route34.asm)"
pokegold|pokecrystal,EVENT_DAY_CARE_MAN_ON_ROUTE_34,,,"Le vieil homme de la pension sort sur la Route 34 quand il garde un Œuf (maps/DayCare.asm, maps/Route34.asm)"
pokegold|pokecrystal,EVENT_DECIDED_TO_HELP_LANCE,Après avoir accepté d'aider Peter,Avant d'avoir accepté d'aider Peter,"Levé au Lac Colère (maps/LakeOfRage.asm) ; le vendeur de la boutique d'Acajou, un sbire Rocket, ne vend qu'avant (maps/MahoganyMart1F.asm)"
pokegold,EVENT_DRAGONS_DEN_CLAIR,Avant l'épreuve du Sanctuaire du Dragon,Après l'épreuve du Sanctuaire du Dragon,Levé au début de la partie (InitializeEventsScript) ; Sandra paraît à l'Antre du Dragon au retour de l'épreuve (maps/DragonsDenB1F.asm)
pokegold|pokecrystal,EVENT_ELMS_AIDE_IN_VIOLET_POKEMON_CENTER,Avant l'appel du Prof. Orme qui suit le badge Zéphyr,Après l'appel du Prof. Orme qui suit le badge Zéphyr,"Levé au début de la partie ; baissé par l'appel de l'assistant (engine/phone/scripts/elm.asm), que déclenche le badge Zéphyr (maps/VioletGym.asm)"
pokegold|pokecrystal,EVENT_FAST_SHIP_CABINS_SE_SSE_CAPTAINS_CABIN_TWIN_2,Après avoir retrouvé la petite-fille du gentleman,Avant d'avoir retrouvé la petite-fille du gentleman,"Levé quand la fillette retrouvée quitte la cabine du capitaine (disappear, maps/FastShipCabins_SE_SSE_CaptainsCabin.asm)"
pokegold|pokecrystal,EVENT_FAST_SHIP_CABINS_SE_SSE_GENTLEMAN,Après le premier débarquement à Carmin sur Mer,Avant le premier débarquement à Carmin sur Mer,Levé en débarquant du M/S Aquaria à Carmin sur Mer (maps/VermilionPort.asm)
pokecrystal,EVENT_FOREST_IS_RESTLESS,Pendant l'agitation du Bois aux Chênes,Hors de l'agitation du Bois aux Chênes,"Levé chez Fargas quand il garde la GS Ball (maps/KurtsHouse.asm), baissé au sanctuaire du Bois aux Chênes (maps/IlexForest.asm)"
pokecrystal,EVENT_FOUGHT_HO_OH,Après le combat contre Ho-Oh,Avant le combat contre Ho-Oh,Levé au sommet de la Tour Carillon (maps/TinTowerRoof.asm)
pokegold|pokecrystal,EVENT_FOUGHT_SUDOWOODO,Après le combat contre Simularbre,Avant le combat contre Simularbre,Levé sur la Route 36 (maps/Route36.asm)
pokegold|pokecrystal,EVENT_GAVE_KENYA,Après avoir livré le Piafabec Kenya,Avant d'avoir livré le Piafabec Kenya,Levé sur la Route 31 en remettant Kenya (maps/Route31.asm)
pokegold|pokecrystal,EVENT_GAVE_MYSTERY_EGG_TO_ELM,Après avoir remis l'Œuf Mystère au Prof. Orme,Avant d'avoir remis l'Œuf Mystère au Prof. Orme,Levé au labo du Prof. Orme (maps/ElmsLab.asm)
pokegold|pokecrystal,EVENT_GOLDENROD_CITY_CIVILIANS,Pendant l'occupation de la Tour Radio,Hors de l'occupation de la Tour Radio,"Levé quand la Team Rocket prend la Tour Radio (engine/events/std_scripts.asm, RadioTowerRocketsScript), baissé à sa libération (maps/RadioTower5F.asm)"
pokecrystal,EVENT_GOLDENROD_SALE_OFF,Hors des soldes du toit annoncées par téléphone,Pendant les soldes du toit annoncées par téléphone,"Levé ou baissé à chaque visite par le rappel du toit selon ENGINE_GOLDENROD_DEPT_STORE_SALE_IS_ON (maps/GoldenrodDeptStoreRoof.asm), qu'un appel lève (engine/phone/scripts/todd.asm)"
pokegold|pokecrystal,EVENT_GOT_A_POKEMON_FROM_ELM,Après avoir reçu un Pokémon du Prof. Orme,Avant d'avoir reçu un Pokémon du Prof. Orme,Levé au labo du Prof. Orme (maps/ElmsLab.asm)
pokegold|pokecrystal,EVENT_GOT_HM01_CUT,Après avoir reçu la CS01 (Coupe),Avant d'avoir reçu la CS01 (Coupe),Levé au Bois aux Chênes (maps/IlexForest.asm)
pokegold|pokecrystal,EVENT_GOT_KENYA,Après avoir reçu le Piafabec Kenya,Avant d'avoir reçu le Piafabec Kenya,Levé au poste de contrôle de la Route 35 (maps/Route35GoldenrodGate.asm)
pokered|pokeyellow,EVENT_GOT_POKEDEX,Après avoir reçu le Pokédex,Avant d'avoir reçu le Pokédex,Levé au labo du Prof. Chen (scripts/OaksLab.asm)
pokegold|pokecrystal,EVENT_GOT_TM02_HEADBUTT,Après avoir reçu la CT02 (Coup d'Boule),Avant d'avoir reçu la CT02 (Coup d'Boule),Levé au Bois aux Chênes (maps/IlexForest.asm) ; le Centre Commercial ne la vend qu'ensuite (maps/GoldenrodDeptStore5F.asm)
pokegold|pokecrystal,EVENT_GOT_TM08_ROCK_SMASH,Après avoir reçu la CT08 (Éclate-Roc),Avant d'avoir reçu la CT08 (Éclate-Roc),Levé sur la Route 36 (maps/Route36.asm) ; le Centre Commercial ne la vend qu'ensuite (maps/GoldenrodDeptStore5F.asm)
pokegold|pokecrystal,EVENT_GOT_TOGEPI_EGG_FROM_ELMS_AIDE,Après avoir reçu l'Œuf de l'assistant du Prof. Orme,Avant d'avoir reçu l'Œuf de l'assistant du Prof. Orme,Levé au Centre Pokémon de Mauville (maps/VioletPokecenter1F.asm)
pokegold|pokecrystal,EVENT_HEALED_MOOMOO,Après avoir soigné Écrémeuh,Avant d'avoir soigné Écrémeuh,Levé à l'étable de la Route 39 (maps/Route39Barn.asm)
pokegold|pokecrystal,EVENT_ILEX_FOREST_CHARCOAL_MASTER,Avant d'avoir ramené le Canarticho du maître du charbon,Après avoir ramené le Canarticho du maître du charbon,"Levé au début de la partie ; le maître paraît au Bois aux Chênes quand on ramène son Canarticho (appear, maps/IlexForest.asm)"
pokegold|pokecrystal,EVENT_JASMINE_EXPLAINED_AMPHYS_SICKNESS,Après avoir rencontré Jasmine au sommet du Phare d'Oliville,Avant d'avoir rencontré Jasmine au sommet du Phare d'Oliville,Levé au 5e étage du phare (maps/OlivineLighthouse6F.asm)
pokegold|pokecrystal,EVENT_KURTS_HOUSE_KURT_1,,,"Fargas quitte sa maison pour le Puits Ramoloss (maps/KurtsHouse.asm) et y revient à sa libération (maps/SlowpokeWellB1F.asm) : présent avant comme après, ce n'est pas une étape"
pokegold|pokecrystal,EVENT_LAKE_OF_RAGE_CIVILIANS,Avant la libération du Repaire Rocket d'Acajou,Après la libération du Repaire Rocket d'Acajou,"Levé au début de la partie (InitializeEventsScript), baissé à la libération du repaire (maps/TeamRocketBaseB2F.asm)"
pokeyellow,EVENT_LEFT_FANCLUB_AFTER_BIKE_VOUCHER,,,Levé en sortant du Club des Fans avec le Bon Commande (scripts/VermilionCity.asm) : le don est déjà fait
pokegold|pokecrystal,EVENT_MAHOGANY_MART_OWNERS,Avant la libération de la Tour Radio,Après la libération de la Tour Radio,"Levé au début de la partie (InitializeEventsScript), baissé à la libération de la Tour Radio (maps/RadioTower5F.asm) ou à l'arène d'Ébènelle (maps/BlackthornGym1F.asm), qui ne s'ouvre qu'après"
pokegold|pokecrystal,EVENT_MAHOGANY_TOWN_POKEFAN_M_BLOCKS_EAST,,,"Levé quand la Team Rocket prend la Tour Radio (RadioTowerRocketsScript) : le vendeur exige déjà que le repaire d'Acajou ne soit pas libéré, ce qui précède"
pokegold|pokecrystal,EVENT_MET_BILL,Avant d'avoir rencontré Léo à Rosalia,Après avoir rencontré Léo à Rosalia,"Levé au début de la partie (InitializeEventsScript), baissé par Léo au Centre Pokémon de Rosalia (maps/EcruteakPokecenter1F.asm)"
pokegold|pokecrystal,EVENT_MET_COPYCAT_FOUND_OUT_ABOUT_LOST_ITEM,Après avoir appris que Copieuse a perdu sa poupée,Avant d'avoir appris que Copieuse a perdu sa poupée,Levé chez Copieuse (maps/CopycatsHouse2F.asm)
pokecrystal,EVENT_MET_FLORIA,Après avoir rencontré la fleuriste devant Simularbre,Avant d'avoir rencontré la fleuriste devant Simularbre,Levé sur la Route 36 (maps/Route36.asm)
pokered|pokeyellow,EVENT_OAK_GOT_PARCEL,Après avoir remis le colis au Prof. Chen,Avant d'avoir remis le colis au Prof. Chen,Levé au labo du Prof. Chen (scripts/OaksLab.asm) ; la Boutique de Jadielle charge ensuite sa seconde table de textes (scripts/ViridianMart.asm)
pokegold|pokecrystal,EVENT_OLIVINE_GYM_JASMINE,Avant d'avoir soigné le Pharamp du Phare d'Oliville,Après avoir soigné le Pharamp du Phare d'Oliville,"Levé au début de la partie (InitializeEventsScript), baissé quand Jasmine retourne à l'arène (maps/OlivineLighthouse6F.asm)"
pokered|pokeyellow,EVENT_PALLET_AFTER_GETTING_POKEBALLS,,,Levé par Bourg Palette une fois les Poké Balls reçues du Prof. Chen (scripts/PalletTown.asm) : le don est déjà fait
pokegold|pokecrystal,EVENT_RADIO_TOWER_ROCKET_TAKEOVER,Hors de l'occupation de la Tour Radio,Pendant l'occupation de la Tour Radio,"Levé au début de la partie, baissé quand la Team Rocket prend la Tour Radio (RadioTowerRocketsScript), relevé à sa libération (maps/RadioTower5F.asm)"
pokecrystal,EVENT_RESTORED_POWER_TO_KANTO,Après le retour du courant à Kanto,Avant le retour du courant à Kanto,Levé à la Centrale (maps/PowerPlant.asm)
pokegold|pokecrystal,EVENT_RETURNED_MACHINE_PART,Après avoir rapporté la Partie Machine à la Centrale,Avant d'avoir rapporté la Partie Machine à la Centrale,Levé à la Centrale (maps/PowerPlant.asm)
pokecrystal,EVENT_ROUTE_30_YOUNGSTER_JOEY,Avant d'avoir remis l'Œuf Mystère au Prof. Orme,Après avoir remis l'Œuf Mystère au Prof. Orme,"Levé au début de la partie (InitializeEventsScript), baissé au labo du Prof. Orme avec la remise de l'Œuf Mystère (maps/ElmsLab.asm)"
pokegold|pokecrystal,EVENT_ROUTE_36_NATIONAL_PARK_GATE_OFFICER_CONTEST_DAY,,,"Agent des jours de Concours, montré ou caché selon le jour par le rappel du poste (maps/Route36NationalParkGate.asm) : les jours sont lus à part"
pokecrystal,EVENT_TALKED_TO_FLORIA_AT_FLOWER_SHOP,Après avoir parlé à la fleuriste dans sa boutique,Avant d'avoir parlé à la fleuriste dans sa boutique,Levé à la Fleuriste de Doublonville (maps/GoldenrodFlowerShop.asm)
pokegold|pokecrystal,EVENT_TEAM_ROCKET_BASE_B2F_LANCE,,,"Peter paraît et disparaît pendant la scène des Électrode du repaire (maps/TeamRocketBaseB2F.asm) : détail de la scène, pas une étape"
pokecrystal,EVENT_TEMPORARY_UNTIL_MAP_RELOAD_1,,,"Drapeau temporaire, baissé à chaque chargement de carte"
pokecrystal,EVENT_TIN_TOWER_1F_WISE_TRIO_2,"Avant d'avoir capturé Raikou, Entei et Suicune","Après avoir capturé Raikou, Entei et Suicune","Levé au début de la partie, baissé par la Tour Carillon après la Ligue une fois les trois Pokémon légendaires capturés (maps/TinTower1F.asm, special BeastsCheck)"
pokegold|pokecrystal,EVENT_TOTODILE_POKEBALL_IN_ELMS_LAB,,,Levé chez M. Pokémon pour la Poké Ball que vole le rival (maps/MrPokemonsHouse.asm) : le Pokémon de départ est choisi avant
pokecrystal,EVENT_WADE_HAS_BERRY,,,"Baie que Wade garde après son appel (engine/phone/scripts/wade.asm) : état du téléphone, pas une étape"
pokecrystal,EVENT_WADE_HAS_BITTER_BERRY,,,"Baie que Wade garde après son appel (engine/phone/scripts/wade.asm) : état du téléphone, pas une étape"
pokecrystal,EVENT_WADE_HAS_PRZCUREBERRY,,,"Baie que Wade garde après son appel (engine/phone/scripts/wade.asm) : état du téléphone, pas une étape"
pokecrystal,EVENT_WADE_HAS_PSNCUREBERRY,,,"Baie que Wade garde après son appel (engine/phone/scripts/wade.asm) : état du téléphone, pas une étape"
pokecrystal,EVENT_WILTON_HAS_GREAT_BALL,,,"Ball que Wilton garde après son appel (engine/phone/scripts/wilton.asm) : état du téléphone, pas une étape"
pokecrystal,EVENT_WILTON_HAS_POKE_BALL,,,"Ball que Wilton garde après son appel (engine/phone/scripts/wilton.asm) : état du téléphone, pas une étape"
pokecrystal,EVENT_WILTON_HAS_ULTRA_BALL,,,"Ball que Wilton garde après son appel (engine/phone/scripts/wilton.asm) : état du téléphone, pas une étape"
pokered|pokeyellow,TOGGLE_BILL_1,Après avoir aidé Léo dans son cottage,Avant d'avoir aidé Léo dans son cottage,Léo humain est montré quand il sort de sa machine (scripts/BillsHouse.asm) et caché sur la Route 25 une fois l'aide terminée (scripts/Route25.asm)
pokered|pokeyellow,TOGGLE_DAISY_SITTING,,,Caché par Bourg Palette une fois la Carte reçue (scripts/PalletTown.asm) : le don est déjà fait
pokered|pokeyellow,TOGGLE_MR_FUJIS_HOUSE_MR_FUJI,Après avoir libéré M. Fuji à la Tour Pokémon,Avant d'avoir libéré M. Fuji à la Tour Pokémon,"Caché au départ (data/maps/toggleable_objects.asm), montré au sommet de la Tour Pokémon (scripts/PokemonTower7F.asm)"
pokered|pokeyellow,TOGGLE_NUGGET_BRIDGE_GUY,Avant d'avoir aidé Léo dans son cottage,Après avoir aidé Léo dans son cottage,"Visible au départ, caché sur la Route 25 en quittant le Cottage de Léo après l'aide (scripts/Route25.asm)"
pokered|pokeyellow,TOGGLE_OAKS_LAB_OAK_1,,,Montré quand le Prof. Chen entre dans son labo au début de la partie (scripts/OaksLab.asm) : toujours là ensuite
