trainer_class,name_fr
agatha,Agatha
beauty,Canon
biker,Motard
bird-keeper,Ornithologue
blackbelt,Karatéka
blaine,Auguste
brock,Pierre
bruno,Aldo
bug-catcher,Scout
burglar,Cambrioleur
channeler,Exorciste
cooltrainer-f,Topdresseuse
cooltrainer-m,Topdresseur
cue-ball,Loubard
engineer,Ingénieur
erika,Érika
fisher,Pêcheur
gambler,Parieur
gentleman,Gentleman
giovanni,Giovanni
hiker,Montagnard
jr-trainer-f,Dresseuse
jr-trainer-m,Dresseur
juggler,Jongleur
koga,Koga
lance,Peter
lass,Fillette
lorelei,Olga
lt-surge,Major Bob
misty,Ondine
pokemaniac,Pokémaniac
psychic-tr,Kinésiste
rival1,Rival
rival2,Rival
rival3,Rival
rocker,Rockeur
rocket,Sbire Rocket
sabrina,Morgane
sailor,Marin
scientist,Scientifique
super-nerd,Intello
swimmer,Nageur
tamer,Dompteur
youngster,Gamin
