version_group,pokemon,reason
gold-silver,bulbasaur,Pokémon de départ de Kanto : seulement par échange avec Rouge ou Bleu (Capsule Temporelle)
gold-silver,ivysaur,Pokémon de départ de Kanto : seulement par échange avec Rouge ou Bleu (Capsule Temporelle)
gold-silver,venusaur,Pokémon de départ de Kanto : seulement par échange avec Rouge ou Bleu (Capsule Temporelle)
gold-silver,charmander,Pokémon de départ de Kanto : seulement par échange avec Rouge ou Bleu (Capsule Temporelle)
gold-silver,charmeleon,Pokémon de départ de Kanto : seulement par échange avec Rouge ou Bleu (Capsule Temporelle)
gold-silver,charizard,Pokémon de départ de Kanto : seulement par échange avec Rouge ou Bleu (Capsule Temporelle)
gold-silver,squirtle,Pokémon de départ de Kanto : seulement par échange avec Rouge ou Bleu (Capsule Temporelle)
gold-silver,wartortle,Pokémon de départ de Kanto : seulement par échange avec Rouge ou Bleu (Capsule Temporelle)
gold-silver,blastoise,Pokémon de départ de Kanto : seulement par échange avec Rouge ou Bleu (Capsule Temporelle)
gold-silver,omanyte,Fossile de Kanto : seulement par échange avec Rouge ou Bleu (Capsule Temporelle)
gold-silver,omastar,Fossile de Kanto : seulement par échange avec Rouge ou Bleu (Capsule Temporelle)
gold-silver,kabuto,Fossile de Kanto : seulement par échange avec Rouge ou Bleu (Capsule Temporelle)
gold-silver,kabutops,Fossile de Kanto : seulement par échange avec Rouge ou Bleu (Capsule Temporelle)
gold-silver,articuno,Légendaire de Kanto : seulement par échange avec Rouge ou Bleu (Capsule Temporelle)
gold-silver,zapdos,Légendaire de Kanto : seulement par échange avec Rouge ou Bleu (Capsule Temporelle)
gold-silver,moltres,Légendaire de Kanto : seulement par échange avec Rouge ou Bleu (Capsule Temporelle)
gold-silver,mewtwo,Légendaire de Kanto : seulement par échange avec Rouge ou Bleu (Capsule Temporelle)
